Delivery_ID,Warehouse_ID,Region,Vehicle_Type,Delivery_Date,Delivery_Time,Delay_Status,Customer_Feedback
D1,W7,East,Van,2024-08-16,120,Delayed,1
D2,W2,South,Truck,2024-06-18,179,Delayed,4
D3,W4,North,Van,2024-09-04,265,Delayed,5
D4,W2,North,Van,2024-05-16,48,On Time,3
D5,W1,East,Truck,2024-06-20,103,Delayed,4
D6,W10,South,Bike,2024-09-07,23,On Time,2
D7,W9,East,Van,2024-07-18,150,Delayed,3
D8,W5,North,Van,2024-09-07,80,On Time,5
D9,W4,East,Truck,2024-06-26,33,Delayed,1
D10,W5,North,Bike,2024-10-02,219,Delayed,1
D11,W1,West,Bike,2024-05-26,229,On Time,1
D12,W3,East,Truck,2024-04-09,197,Delayed,3
D13,W4,West,Bike,2024-08-12,62,Delayed,3
D14,W7,South,Bike,2024-08-06,227,On Time,2
D15,W6,West,Bike,2024-04-17,97,Delayed,4
D16,W10,North,Bike,2024-10-25,70,Delayed,3
D17,W2,North,Van,2024-09-17,120,Delayed,1
D18,W3,East,Bike,2024-10-04,232,Delayed,2
D19,W2,South,Bike,2024-06-27,210,Delayed,1
D20,W3,East,Van,2024-12-14,81,On Time,1
D21,W4,East,Bike,2024-08-22,54,Delayed,2
D22,W10,North,Van,2024-04-19,118,On Time,2
D23,W7,North,Truck,2024-02-22,50,On Time,1
D24,W9,East,Bike,2024-04-29,104,Delayed,5
D25,W10,South,Truck,2024-06-05,299,On Time,5
D26,W7,North,Bike,2024-04-28,201,Delayed,1
D27,W9,South,Truck,2024-09-30,116,Delayed,2
D28,W9,South,Van,2024-03-10,43,On Time,2
D29,W2,East,Bike,2024-11-30,59,Delayed,1
D30,W8,South,Van,2024-12-20,294,On Time,1
D31,W6,East,Truck,2024-07-02,151,On Time,2
D32,W7,North,Van,2024-07-03,28,Delayed,1
D33,W3,West,Bike,2024-04-21,188,On Time,1
D34,W7,South,Truck,2024-03-20,139,On Time,4
D35,W1,East,Truck,2025-01-14,39,Delayed,2
D36,W9,West,Van,2024-03-03,297,On Time,1
D37,W4,West,Truck,2024-03-03,223,Delayed,3
D38,W5,East,Bike,2024-02-27,134,On Time,1
D39,W9,West,Truck,2024-12-10,215,On Time,4
D40,W2,South,Bike,2024-08-16,220,Delayed,1
D41,W5,North,Bike,2024-10-03,269,On Time,4
D42,W5,South,Van,2024-12-13,139,Delayed,3
D43,W7,West,Bike,2024-09-24,27,On Time,1
D44,W8,South,Bike,2024-07-13,41,Delayed,2
D45,W5,South,Truck,2024-06-11,262,On Time,1
D46,W3,East,Bike,2024-07-03,44,Delayed,1
D47,W9,West,Bike,2024-03-15,128,Delayed,4
D48,W9,West,Van,2024-01-27,54,Delayed,5
D49,W10,North,Bike,2025-01-02,215,On Time,1
D50,W6,North,Van,2024-12-09,84,On Time,2
D51,W3,East,Van,2024-03-10,291,Delayed,2
D52,W1,West,Truck,2024-10-18,159,Delayed,1
D53,W5,West,Van,2024-07-20,82,On Time,5
D54,W10,North,Bike,2024-04-17,297,On Time,2
D55,W8,East,Truck,2024-05-06,231,Delayed,4
D56,W1,North,Van,2024-08-20,98,Delayed,1
D57,W8,South,Bike,2024-09-05,63,On Time,3
D58,W8,West,Van,2024-07-09,172,Delayed,3
D59,W2,South,Truck,2024-12-27,105,Delayed,3
D60,W4,North,Truck,2024-09-03,273,On Time,3
D61,W8,North,Bike,2024-04-13,63,Delayed,1
D62,W8,West,Truck,2024-07-17,133,On Time,4
D63,W5,East,Truck,2024-07-03,100,Delayed,1
D64,W4,East,Truck,2024-08-26,55,On Time,1
D65,W6,North,Bike,2024-05-07,93,Delayed,1
D66,W10,North,Bike,2024-07-22,214,Delayed,4
D67,W7,East,Truck,2024-11-29,236,On Time,4
D68,W2,North,Bike,2024-05-13,77,Delayed,3
D69,W2,East,Van,2024-11-04,40,On Time,2
D70,W5,South,Truck,2024-06-09,88,Delayed,5
D71,W3,West,Bike,2024-09-03,195,On Time,4
D72,W7,East,Truck,2024-11-23,69,Delayed,3
D73,W7,North,Truck,2024-07-08,232,Delayed,4
D74,W10,North,Truck,2024-11-15,214,On Time,2
D75,W7,West,Truck,2024-10-10,221,Delayed,4
D76,W5,North,Van,2024-06-19,38,Delayed,4
D77,W5,North,Van,2024-04-27,56,Delayed,1
D78,W10,North,Bike,2024-04-19,271,Delayed,3
D79,W7,South,Van,2024-12-28,76,Delayed,2
D80,W3,East,Van,2025-01-09,115,On Time,2
D81,W3,East,Truck,2024-05-26,48,Delayed,1
D82,W6,East,Bike,2024-03-03,87,On Time,4
D83,W9,West,Van,2024-08-21,156,Delayed,2
D84,W2,West,Bike,2024-06-26,192,On Time,3
D85,W1,South,Bike,2024-05-03,222,On Time,2
D86,W8,West,Bike,2024-09-21,178,On Time,4
D87,W5,South,Truck,2024-03-18,63,Delayed,5
D88,W4,East,Van,2024-08-04,84,On Time,3
D89,W10,South,Bike,2024-10-24,123,Delayed,3
D90,W5,South,Van,2024-05-20,54,On Time,1
D91,W7,West,Van,2024-12-26,222,Delayed,3
D92,W9,West,Van,2024-08-23,159,On Time,2
D93,W10,South,Truck,2024-07-11,116,Delayed,3
D94,W8,North,Van,2024-03-29,153,Delayed,2
D95,W6,West,Bike,2024-07-06,295,On Time,5
D96,W5,North,Van,2024-03-14,294,On Time,4
D97,W6,South,Bike,2024-02-19,109,Delayed,2
D98,W7,East,Van,2024-07-04,92,On Time,3
D99,W10,North,Van,2024-07-23,136,On Time,1
D100,W1,North,Truck,2024-05-11,202,Delayed,3
D101,W5,South,Bike,2024-06-16,129,Delayed,4
D102,W3,West,Truck,2024-07-17,211,Delayed,4
D103,W3,East,Bike,2024-07-27,172,Delayed,5
D104,W3,East,Bike,2024-02-23,96,On Time,2
D105,W7,North,Truck,2024-03-22,25,Delayed,1
D106,W4,North,Truck,2024-11-05,174,On Time,4
D107,W7,East,Truck,2024-06-20,143,Delayed,3
D108,W8,South,Bike,2024-09-18,180,Delayed,3
D109,W9,North,Bike,2024-07-14,227,On Time,1
D110,W2,East,Van,2024-11-15,238,On Time,1
D111,W8,South,Bike,2024-09-03,214,Delayed,1
D112,W4,West,Truck,2024-02-22,154,On Time,5
D113,W9,East,Van,2024-05-17,242,Delayed,1
D114,W1,North,Van,2024-07-01,47,Delayed,3
D115,W10,West,Van,2024-12-17,100,On Time,4
D116,W4,North,Truck,2024-10-15,27,Delayed,1
D117,W6,North,Van,2024-03-02,118,On Time,5
D118,W7,East,Truck,2024-10-28,249,Delayed,3
D119,W6,West,Van,2024-07-30,91,Delayed,5
D120,W8,South,Bike,2025-01-02,243,Delayed,4
D121,W5,North,Truck,2024-11-18,48,On Time,4
D122,W9,East,Van,2024-03-04,237,On Time,5
D123,W3,South,Truck,2024-11-09,64,Delayed,2
D124,W9,South,Truck,2024-01-21,284,Delayed,1
D125,W3,South,Van,2024-10-02,96,Delayed,1
D126,W10,West,Truck,2024-07-04,186,Delayed,1
D127,W9,South,Bike,2024-09-20,191,On Time,2
D128,W3,South,Bike,2024-03-06,234,Delayed,3
D129,W10,North,Truck,2024-10-05,27,On Time,2
D130,W9,East,Bike,2024-02-03,41,Delayed,3
D131,W9,North,Truck,2024-11-05,157,On Time,5
D132,W3,South,Bike,2024-08-31,170,On Time,1
D133,W4,North,Van,2024-03-16,86,On Time,3
D134,W5,South,Bike,2024-03-20,298,Delayed,1
D135,W10,West,Van,2024-09-15,204,Delayed,3
D136,W2,West,Van,2024-05-22,51,Delayed,2
D137,W10,West,Truck,2024-02-08,220,Delayed,3
D138,W6,North,Van,2024-12-23,29,On Time,5
D139,W3,West,Truck,2024-05-13,229,Delayed,4
D140,W6,West,Bike,2024-05-16,101,Delayed,5
D141,W6,West,Truck,2024-05-12,206,Delayed,1
D142,W3,South,Bike,2024-02-24,33,Delayed,3
D143,W8,South,Van,2024-02-17,22,On Time,1
D144,W2,East,Van,2024-06-22,251,On Time,3
D145,W5,East,Truck,2024-09-13,197,On Time,4
D146,W6,South,Truck,2024-12-31,63,On Time,4
D147,W10,South,Van,2024-03-09,138,On Time,5
D148,W7,South,Van,2024-05-06,81,On Time,1
D149,W6,South,Truck,2024-09-03,204,Delayed,4
D150,W8,North,Truck,2024-09-17,297,Delayed,4
D151,W2,East,Truck,2024-06-18,60,On Time,3
D152,W3,South,Van,2024-11-01,299,On Time,2
D153,W8,North,Truck,2024-11-29,173,Delayed,4
D154,W10,North,Truck,2024-04-05,35,Delayed,4
D155,W3,West,Van,2024-11-25,123,On Time,2
D156,W9,West,Van,2024-08-08,51,On Time,4
D157,W6,East,Van,2024-04-07,65,On Time,2
D158,W8,North,Truck,2024-05-29,228,Delayed,3
D159,W8,East,Van,2024-01-20,100,Delayed,2
D160,W1,North,Truck,2024-07-30,59,Delayed,5
D161,W1,North,Truck,2024-04-15,108,On Time,1
D162,W8,North,Bike,2024-07-18,179,On Time,1
D163,W2,North,Truck,2025-01-08,209,On Time,2
D164,W3,West,Van,2024-12-13,243,Delayed,5
D165,W3,West,Bike,2024-12-05,77,Delayed,2
D166,W5,South,Van,2024-02-27,147,On Time,3
D167,W2,North,Van,2024-09-24,56,On Time,4
D168,W3,East,Truck,2024-07-09,244,On Time,5
D169,W8,South,Bike,2024-01-29,63,On Time,5
D170,W9,West,Bike,2024-02-07,83,On Time,1
D171,W9,East,Bike,2024-07-14,221,On Time,5
D172,W5,South,Van,2024-01-30,35,On Time,2
D173,W8,North,Bike,2024-11-06,279,Delayed,3
D174,W9,East,Truck,2024-04-11,32,Delayed,1
D175,W10,North,Van,2024-03-08,166,On Time,5
D176,W5,West,Bike,2024-12-11,208,Delayed,2
D177,W6,South,Van,2024-08-22,172,Delayed,5
D178,W10,South,Truck,2024-05-27,261,On Time,1
D179,W3,South,Van,2024-11-23,171,Delayed,2
D180,W7,West,Van,2024-07-22,127,On Time,4
D181,W4,West,Van,2024-08-01,274,On Time,5
D182,W2,East,Truck,2024-07-07,62,Delayed,5
D183,W9,South,Van,2024-10-26,139,On Time,1
D184,W10,North,Van,2024-12-15,37,Delayed,1
D185,W7,South,Truck,2024-05-11,262,Delayed,1
D186,W3,North,Bike,2024-12-27,68,Delayed,1
D187,W8,East,Bike,2024-11-15,205,Delayed,3
D188,W10,West,Bike,2024-06-17,169,Delayed,5
D189,W6,North,Bike,2024-01-30,30,Delayed,2
D190,W7,West,Van,2024-03-05,20,Delayed,1
D191,W1,South,Truck,2024-07-26,149,Delayed,2
D192,W2,North,Van,2024-07-08,76,On Time,3
D193,W3,North,Bike,2025-01-02,204,On Time,4
D194,W5,North,Bike,2024-05-06,132,On Time,1
D195,W7,East,Truck,2024-04-03,141,Delayed,4
D196,W3,North,Bike,2024-08-29,92,On Time,3
D197,W1,South,Bike,2024-06-11,148,Delayed,5
D198,W6,South,Van,2024-03-14,245,Delayed,3
D199,W5,South,Bike,2024-04-14,129,On Time,2
D200,W8,East,Van,2024-10-16,128,Delayed,2
D201,W7,South,Bike,2024-05-25,289,Delayed,4
D202,W3,South,Bike,2024-10-08,296,On Time,2
D203,W6,North,Van,2024-11-14,211,Delayed,2
D204,W10,North,Van,2025-01-06,160,On Time,2
D205,W1,West,Truck,2024-07-17,274,On Time,4
D206,W4,East,Bike,2024-03-29,234,Delayed,4
D207,W10,South,Truck,2024-06-15,45,Delayed,1
D208,W1,West,Van,2024-06-02,280,Delayed,3
D209,W4,East,Van,2024-10-22,41,On Time,1
D210,W3,East,Bike,2024-03-01,31,Delayed,2
D211,W9,North,Bike,2024-05-03,36,Delayed,5
D212,W3,South,Truck,2025-01-16,110,Delayed,1
D213,W2,South,Truck,2024-11-02,37,On Time,3
D214,W5,North,Bike,2024-10-10,257,Delayed,5
D215,W1,West,Bike,2024-02-14,255,Delayed,2
D216,W6,North,Truck,2024-05-09,196,Delayed,3
D217,W9,North,Van,2024-01-20,38,On Time,2
D218,W9,South,Bike,2024-07-28,238,Delayed,1
D219,W4,East,Van,2024-12-08,161,Delayed,2
D220,W8,North,Bike,2024-10-14,278,Delayed,1
D221,W8,South,Truck,2024-08-24,54,Delayed,1
D222,W5,East,Bike,2024-11-05,117,On Time,1
D223,W10,East,Truck,2024-04-30,162,On Time,1
D224,W5,West,Truck,2024-08-21,259,Delayed,1
D225,W5,North,Bike,2024-02-18,212,Delayed,5
D226,W2,West,Van,2024-08-17,87,On Time,3
D227,W5,South,Truck,2025-01-14,91,Delayed,2
D228,W8,West,Van,2025-01-16,41,Delayed,4
D229,W5,South,Van,2024-05-14,115,Delayed,2
D230,W1,North,Van,2024-05-24,131,Delayed,5
D231,W6,North,Van,2024-12-15,254,Delayed,5
D232,W9,East,Truck,2024-08-25,197,Delayed,4
D233,W1,East,Truck,2024-08-12,137,On Time,2
D234,W7,East,Van,2025-01-17,172,Delayed,2
D235,W4,North,Bike,2024-03-06,182,Delayed,5
D236,W10,West,Van,2024-02-03,121,Delayed,5
D237,W3,West,Van,2024-07-05,182,Delayed,3
D238,W5,North,Bike,2024-06-21,205,On Time,3
D239,W8,North,Van,2024-07-18,236,On Time,1
D240,W8,North,Van,2024-08-14,266,On Time,1
D241,W7,West,Bike,2024-02-19,225,Delayed,2
D242,W5,North,Bike,2024-12-24,234,On Time,3
D243,W2,West,Truck,2024-06-09,73,Delayed,1
D244,W4,South,Truck,2025-01-05,228,Delayed,2
D245,W9,East,Truck,2024-01-30,175,On Time,5
D246,W9,South,Truck,2024-09-08,205,Delayed,5
D247,W1,West,Truck,2024-09-17,65,Delayed,2
D248,W10,West,Bike,2024-03-17,153,On Time,4
D249,W1,West,Truck,2024-01-24,69,Delayed,1
D250,W1,North,Bike,2024-06-05,186,On Time,1
D251,W5,North,Bike,2024-02-28,98,Delayed,5
D252,W8,North,Bike,2024-12-09,261,Delayed,1
D253,W9,East,Truck,2024-11-25,72,On Time,2
D254,W1,South,Bike,2025-01-16,168,Delayed,1
D255,W6,West,Bike,2024-01-21,247,On Time,3
D256,W2,North,Bike,2024-07-01,84,On Time,2
D257,W9,North,Truck,2024-09-19,102,On Time,3
D258,W2,West,Truck,2024-01-20,82,Delayed,1
D259,W4,West,Truck,2024-07-26,267,Delayed,5
D260,W6,North,Truck,2024-09-08,25,Delayed,5
D261,W2,North,Bike,2024-07-06,222,Delayed,1
D262,W3,West,Bike,2024-04-22,249,On Time,5
D263,W8,West,Bike,2024-11-17,273,Delayed,4
D264,W1,South,Truck,2024-01-19,86,On Time,3
D265,W5,West,Truck,2024-04-16,216,On Time,2
D266,W3,West,Bike,2024-06-11,101,On Time,5
D267,W4,West,Truck,2024-09-01,24,On Time,5
D268,W1,East,Van,2024-08-01,171,On Time,5
D269,W1,South,Bike,2024-01-30,274,On Time,4
D270,W3,North,Van,2024-09-21,238,Delayed,3
D271,W1,South,Bike,2024-07-24,220,On Time,3
D272,W1,South,Truck,2024-12-09,93,Delayed,5
D273,W8,North,Truck,2024-05-16,248,Delayed,4
D274,W8,North,Bike,2024-11-23,98,Delayed,2
D275,W6,East,Bike,2024-03-19,177,On Time,1
D276,W8,North,Bike,2024-03-02,135,On Time,4
D277,W6,West,Van,2024-02-05,68,On Time,4
D278,W9,South,Van,2024-05-20,157,Delayed,3
D279,W2,North,Van,2024-02-07,67,Delayed,2
D280,W6,West,Van,2024-11-04,294,Delayed,5
D281,W4,West,Bike,2024-06-29,102,Delayed,2
D282,W6,West,Bike,2024-04-24,242,On Time,3
D283,W1,East,Van,2024-05-26,241,On Time,2
D284,W4,West,Bike,2024-11-01,103,Delayed,1
D285,W7,West,Truck,2024-10-23,122,On Time,5
D286,W6,North,Bike,2024-06-09,138,On Time,3
D287,W6,North,Bike,2024-08-14,223,Delayed,3
D288,W4,North,Bike,2024-11-18,124,Delayed,4
D289,W5,South,Bike,2024-10-30,83,Delayed,3
D290,W9,South,Truck,2024-10-08,45,Delayed,4
D291,W7,East,Van,2024-12-06,42,Delayed,5
D292,W10,West,Bike,2024-07-30,42,On Time,1
D293,W10,East,Truck,2024-07-06,264,Delayed,4
D294,W3,West,Van,2024-03-29,154,On Time,4
D295,W6,South,Truck,2024-11-14,47,On Time,4
D296,W8,West,Truck,2025-01-12,127,On Time,1
D297,W5,East,Truck,2024-11-27,220,Delayed,5
D298,W9,East,Truck,2024-04-21,298,On Time,3
D299,W9,East,Bike,2024-03-16,230,Delayed,2
D300,W3,North,Van,2024-02-27,294,On Time,4
D301,W4,North,Bike,2024-10-19,196,Delayed,5
D302,W4,East,Truck,2024-09-12,89,On Time,2
D303,W4,West,Truck,2024-05-11,107,Delayed,3
D304,W9,South,Truck,2024-08-23,258,On Time,2
D305,W2,East,Van,2024-05-29,47,Delayed,1
D306,W5,East,Bike,2024-06-19,71,On Time,1
D307,W5,East,Truck,2024-12-06,115,Delayed,2
D308,W10,South,Truck,2024-04-15,290,Delayed,2
D309,W7,West,Bike,2024-04-03,73,On Time,3
D310,W7,East,Van,2024-12-27,222,Delayed,1
D311,W4,East,Van,2024-08-25,274,Delayed,4
D312,W2,North,Bike,2024-11-13,85,On Time,2
D313,W1,East,Truck,2024-09-28,159,On Time,5
D314,W6,West,Truck,2024-08-30,144,Delayed,1
D315,W9,West,Truck,2024-03-24,47,On Time,2
D316,W10,North,Bike,2024-12-18,187,Delayed,4
D317,W10,North,Van,2024-08-17,63,Delayed,5
D318,W3,East,Van,2024-04-22,252,On Time,2
D319,W5,East,Bike,2024-12-05,53,Delayed,3
D320,W7,North,Van,2024-11-27,77,Delayed,1
D321,W1,North,Van,2024-05-13,178,On Time,2
D322,W3,North,Truck,2024-06-20,160,Delayed,1
D323,W7,West,Van,2024-02-08,186,Delayed,4
D324,W4,East,Bike,2024-04-08,90,Delayed,5
D325,W10,South,Van,2024-07-05,194,Delayed,5
D326,W1,South,Truck,2025-01-16,120,On Time,5
D327,W3,South,Van,2024-10-12,39,Delayed,2
D328,W9,North,Van,2024-06-07,228,Delayed,5
D329,W1,East,Truck,2024-02-04,153,On Time,1
D330,W6,West,Truck,2024-05-12,204,Delayed,4
D331,W10,South,Bike,2024-07-08,59,On Time,1
D332,W6,North,Van,2024-09-20,235,Delayed,3
D333,W3,West,Van,2024-07-05,85,Delayed,1
D334,W3,South,Truck,2024-08-12,109,Delayed,5
D335,W3,South,Truck,2024-01-31,289,Delayed,2
D336,W8,North,Truck,2024-04-15,297,Delayed,5
D337,W3,North,Van,2024-06-26,181,On Time,4
D338,W2,South,Bike,2024-06-26,34,Delayed,2
D339,W8,East,Truck,2024-03-11,68,Delayed,1
D340,W7,South,Van,2024-04-16,143,On Time,4
D341,W9,West,Van,2024-04-23,265,On Time,4
D342,W9,West,Van,2024-11-29,23,Delayed,3
D343,W7,South,Bike,2024-07-12,133,Delayed,1
D344,W4,East,Truck,2024-10-29,87,Delayed,4
D345,W2,South,Bike,2024-01-25,252,On Time,5
D346,W7,East,Bike,2024-05-10,192,Delayed,2
D347,W9,North,Van,2024-11-09,143,On Time,3
D348,W9,West,Bike,2024-04-28,47,Delayed,1
D349,W1,East,Bike,2024-06-15,29,Delayed,3
D350,W9,South,Van,2024-04-12,200,On Time,4
D351,W1,East,Bike,2024-04-03,270,Delayed,1
D352,W10,South,Bike,2024-11-07,36,On Time,1
D353,W6,South,Bike,2024-06-06,20,On Time,1
D354,W3,North,Bike,2024-02-25,249,On Time,5
D355,W9,South,Bike,2025-01-01,201,Delayed,3
D356,W1,North,Truck,2024-09-15,286,On Time,3
D357,W4,North,Truck,2024-04-26,273,Delayed,3
D358,W6,East,Van,2024-05-09,151,Delayed,4
D359,W8,South,Bike,2024-04-27,36,Delayed,4
D360,W2,North,Bike,2024-04-04,151,On Time,1
D361,W1,North,Truck,2024-07-29,203,On Time,5
D362,W7,South,Bike,2024-10-19,241,Delayed,4
D363,W3,East,Truck,2024-03-19,296,On Time,1
D364,W5,East,Van,2024-10-27,173,On Time,2
D365,W10,East,Bike,2024-05-11,172,On Time,5
D366,W8,South,Bike,2024-10-16,226,Delayed,4
D367,W6,North,Bike,2024-02-11,284,On Time,3
D368,W10,South,Bike,2024-08-06,149,On Time,2
D369,W2,South,Van,2024-02-21,236,Delayed,2
D370,W10,West,Bike,2024-03-29,144,On Time,5
D371,W1,West,Bike,2024-08-23,42,On Time,4
D372,W8,North,Bike,2024-04-30,31,Delayed,4
D373,W4,West,Truck,2024-12-28,220,Delayed,5
D374,W5,South,Van,2024-08-25,184,Delayed,3
D375,W1,South,Truck,2024-08-06,118,On Time,3
D376,W1,West,Van,2024-05-16,166,Delayed,4
D377,W10,South,Bike,2024-11-23,211,Delayed,4
D378,W7,South,Bike,2024-01-29,236,On Time,5
D379,W2,East,Van,2024-08-20,150,Delayed,1
D380,W4,East,Bike,2024-03-28,275,On Time,4
D381,W2,South,Truck,2024-04-19,172,On Time,3
D382,W2,South,Bike,2024-03-01,46,Delayed,2
D383,W6,West,Bike,2024-11-28,265,Delayed,2
D384,W10,West,Truck,2024-12-06,262,On Time,3
D385,W5,East,Van,2024-12-14,93,On Time,1
D386,W9,West,Bike,2024-12-16,200,On Time,3
D387,W2,South,Truck,2024-11-17,191,Delayed,4
D388,W6,East,Van,2024-02-01,236,On Time,3
D389,W2,North,Van,2024-10-10,170,On Time,4
D390,W10,East,Bike,2024-09-05,152,On Time,2
D391,W9,West,Bike,2024-12-14,134,On Time,3
D392,W4,South,Van,2024-04-11,80,On Time,4
D393,W2,East,Truck,2024-11-01,153,Delayed,1
D394,W6,East,Bike,2024-09-27,292,Delayed,1
D395,W3,East,Van,2024-11-12,46,On Time,4
D396,W7,North,Truck,2024-09-11,126,On Time,4
D397,W9,West,Van,2024-06-04,81,On Time,5
D398,W7,West,Bike,2024-06-17,295,On Time,2
D399,W3,West,Truck,2024-05-23,178,Delayed,5
D400,W1,South,Truck,2024-06-09,281,Delayed,3
D401,W7,South,Truck,2024-05-04,264,On Time,2
D402,W5,North,Truck,2024-02-13,206,On Time,1
D403,W1,West,Truck,2024-03-13,213,On Time,4
D404,W4,North,Bike,2024-02-05,295,Delayed,4
D405,W2,South,Truck,2024-10-25,273,On Time,1
D406,W8,South,Van,2024-01-31,148,Delayed,3
D407,W9,South,Van,2024-10-07,271,On Time,2
D408,W10,West,Truck,2024-02-07,110,On Time,4
D409,W1,South,Truck,2024-03-07,275,On Time,3
D410,W5,North,Bike,2024-09-18,257,Delayed,2
D411,W5,North,Van,2024-11-26,289,Delayed,3
D412,W8,North,Truck,2024-01-25,53,On Time,1
D413,W8,East,Van,2024-01-21,205,Delayed,4
D414,W4,North,Bike,2024-10-12,254,On Time,2
D415,W3,South,Truck,2024-12-09,213,Delayed,4
D416,W5,East,Truck,2024-06-05,272,Delayed,2
D417,W9,North,Bike,2024-09-17,252,Delayed,2
D418,W7,South,Truck,2024-11-23,52,On Time,5
D419,W7,North,Bike,2024-07-29,192,Delayed,5
D420,W10,West,Van,2024-09-16,255,On Time,5
D421,W5,South,Van,2024-09-15,172,Delayed,1
D422,W7,West,Bike,2024-04-01,233,On Time,2
D423,W4,West,Truck,2024-01-29,89,On Time,5
D424,W2,North,Truck,2024-10-26,250,Delayed,2
D425,W7,East,Bike,2024-05-20,280,On Time,5
D426,W7,West,Bike,2024-06-19,205,On Time,2
D427,W6,North,Bike,2025-01-16,147,On Time,2
D428,W7,East,Bike,2024-11-20,257,Delayed,5
D429,W5,West,Van,2024-05-19,154,Delayed,2
D430,W6,South,Bike,2024-09-09,238,Delayed,1
D431,W4,East,Van,2024-02-25,41,On Time,5
D432,W2,East,Truck,2024-11-21,219,On Time,1
D433,W10,West,Truck,2024-04-23,111,Delayed,5
D434,W6,East,Van,2024-12-21,183,On Time,1
D435,W5,West,Van,2024-09-12,138,On Time,2
D436,W2,East,Van,2024-05-04,85,On Time,3
D437,W9,North,Bike,2025-01-16,126,On Time,4
D438,W2,East,Bike,2024-04-10,166,Delayed,4
D439,W7,North,Bike,2025-01-17,192,Delayed,3
D440,W9,North,Bike,2024-01-22,217,On Time,1
D441,W9,East,Truck,2024-04-20,142,On Time,5
D442,W3,East,Truck,2024-09-23,229,On Time,3
D443,W10,South,Van,2024-08-24,228,Delayed,2
D444,W9,North,Truck,2024-10-07,243,Delayed,4
D445,W7,West,Truck,2024-11-11,186,On Time,5
D446,W4,South,Bike,2025-01-06,248,On Time,1
D447,W8,East,Truck,2024-10-27,127,On Time,2
D448,W10,North,Bike,2024-12-13,117,On Time,2
D449,W10,North,Truck,2024-05-04,61,On Time,5
D450,W7,West,Bike,2024-04-29,110,On Time,5
D451,W10,East,Van,2024-12-20,92,On Time,3
D452,W8,East,Truck,2024-03-17,165,Delayed,4
D453,W7,North,Bike,2024-06-10,50,Delayed,5
D454,W7,West,Bike,2024-12-16,273,Delayed,5
D455,W6,East,Bike,2024-06-05,245,On Time,4
D456,W2,East,Van,2024-03-08,285,Delayed,5
D457,W5,North,Bike,2024-12-22,26,On Time,3
D458,W8,North,Bike,2024-04-09,159,Delayed,5
D459,W5,South,Bike,2024-09-06,233,Delayed,5
D460,W2,South,Bike,2024-08-11,269,Delayed,1
D461,W3,South,Bike,2024-09-07,162,Delayed,1
D462,W2,West,Van,2024-07-25,269,On Time,5
D463,W8,North,Truck,2024-04-25,241,On Time,2
D464,W6,East,Van,2024-08-26,89,On Time,2
D465,W10,East,Bike,2024-09-23,141,Delayed,2
D466,W4,East,Bike,2024-09-20,134,Delayed,1
D467,W2,North,Van,2024-07-11,198,Delayed,4
D468,W4,East,Bike,2024-03-08,63,Delayed,2
D469,W7,West,Van,2024-03-24,258,Delayed,3
D470,W6,South,Truck,2024-03-15,174,Delayed,4
D471,W7,North,Truck,2024-08-19,298,Delayed,2
D472,W9,East,Van,2024-10-29,190,On Time,4
D473,W4,East,Bike,2024-11-07,212,On Time,2
D474,W10,East,Van,2024-12-30,246,Delayed,1
D475,W4,South,Bike,2024-03-23,47,On Time,2
D476,W1,North,Truck,2024-03-17,77,On Time,4
D477,W2,North,Van,2024-01-20,199,Delayed,2
D478,W10,West,Bike,2025-01-12,47,Delayed,3
D479,W1,South,Van,2024-05-08,95,Delayed,5
D480,W7,North,Bike,2024-12-24,249,On Time,1
D481,W1,East,Van,2024-07-05,60,Delayed,4
D482,W8,East,Van,2024-04-19,97,On Time,2
D483,W3,East,Truck,2024-02-08,86,Delayed,3
D484,W9,North,Bike,2024-01-30,285,Delayed,4
D485,W1,North,Van,2024-02-08,140,On Time,4
D486,W1,South,Van,2024-12-03,31,Delayed,5
D487,W2,East,Truck,2024-09-06,243,Delayed,3
D488,W10,North,Truck,2024-06-06,121,On Time,2
D489,W9,South,Truck,2024-12-12,180,Delayed,5
D490,W8,South,Bike,2024-10-07,256,Delayed,4
D491,W9,North,Bike,2024-09-02,146,On Time,2
D492,W10,West,Truck,2024-05-01,100,Delayed,4
D493,W9,East,Truck,2024-01-18,131,On Time,2
D494,W10,West,Truck,2025-01-13,190,Delayed,3
D495,W3,South,Bike,2024-05-01,283,Delayed,1
D496,W1,West,Bike,2024-06-16,236,On Time,4
D497,W10,West,Truck,2025-01-12,169,Delayed,1
D498,W2,South,Van,2024-10-14,230,Delayed,3
D499,W9,South,Van,2024-12-11,36,Delayed,4
D500,W3,North,Truck,2024-04-14,116,On Time,5
D501,W10,South,Bike,2024-12-05,104,Delayed,5
D502,W10,North,Truck,2024-02-19,71,Delayed,3
D503,W10,North,Truck,2024-07-06,175,Delayed,2
D504,W7,North,Van,2024-04-13,58,On Time,2
D505,W2,South,Bike,2024-02-25,43,Delayed,2
D506,W10,North,Bike,2024-05-14,141,Delayed,5
D507,W7,East,Van,2024-09-15,231,On Time,2
D508,W3,West,Van,2024-10-03,112,On Time,3
D509,W9,East,Van,2024-10-29,259,Delayed,4
D510,W6,West,Truck,2024-07-06,293,On Time,4
D511,W10,South,Truck,2024-03-29,155,Delayed,3
D512,W4,East,Truck,2024-08-07,181,On Time,1
D513,W5,South,Bike,2024-05-06,237,Delayed,3
D514,W10,South,Bike,2024-06-17,26,Delayed,5
D515,W8,West,Truck,2024-04-19,280,On Time,1
D516,W5,West,Truck,2024-03-24,220,Delayed,5
D517,W10,North,Bike,2024-05-17,114,On Time,1
D518,W8,South,Van,2025-01-01,229,On Time,4
D519,W2,West,Bike,2025-01-14,172,Delayed,3
D520,W10,South,Bike,2024-07-01,170,Delayed,4
D521,W3,West,Van,2024-01-23,75,Delayed,1
D522,W3,South,Truck,2024-12-06,72,Delayed,3
D523,W7,East,Bike,2024-03-01,49,Delayed,3
D524,W6,North,Van,2024-09-20,298,On Time,1
D525,W3,West,Bike,2024-05-12,241,On Time,2
D526,W6,North,Van,2024-08-01,89,Delayed,2
D527,W2,West,Bike,2024-07-07,112,On Time,1
D528,W1,West,Van,2024-10-15,153,Delayed,5
D529,W10,West,Van,2024-11-23,271,Delayed,1
D530,W8,West,Van,2024-01-22,268,Delayed,4
D531,W3,South,Van,2024-01-26,265,Delayed,3
D532,W5,South,Bike,2024-07-17,242,Delayed,4
D533,W3,South,Truck,2024-09-08,289,Delayed,3
D534,W9,South,Van,2024-05-14,61,On Time,4
D535,W6,West,Truck,2024-09-21,102,On Time,2
D536,W2,North,Van,2024-12-03,26,Delayed,3
D537,W4,East,Truck,2024-08-12,85,On Time,2
D538,W1,North,Bike,2024-11-10,171,Delayed,3
D539,W9,North,Bike,2024-06-18,227,On Time,2
D540,W6,North,Truck,2024-12-22,141,Delayed,1
D541,W5,East,Van,2024-06-26,65,On Time,1
D542,W10,East,Van,2024-05-27,229,Delayed,3
D543,W8,East,Truck,2024-03-18,270,Delayed,3
D544,W4,South,Bike,2024-09-19,112,Delayed,2
D545,W3,South,Bike,2024-01-25,241,Delayed,5
D546,W10,East,Bike,2024-06-07,114,On Time,2
D547,W1,North,Bike,2024-05-30,264,Delayed,3
D548,W4,East,Truck,2024-07-07,68,On Time,1
D549,W5,East,Truck,2024-12-05,231,Delayed,5
D550,W10,South,Bike,2024-07-22,292,Delayed,5
D551,W5,West,Van,2025-01-01,293,Delayed,2
D552,W7,West,Bike,2024-11-24,74,On Time,1
D553,W8,West,Van,2024-10-19,38,On Time,5
D554,W3,East,Van,2024-07-12,263,Delayed,1
D555,W9,East,Van,2024-12-12,260,Delayed,1
D556,W1,East,Van,2024-08-15,298,Delayed,2
D557,W4,South,Van,2024-09-08,271,On Time,3
D558,W10,East,Van,2025-01-17,32,On Time,5
D559,W9,West,Van,2024-04-07,75,On Time,5
D560,W9,South,Truck,2024-05-30,179,Delayed,5
D561,W8,East,Van,2024-07-31,100,Delayed,4
D562,W10,South,Truck,2024-03-19,116,Delayed,2
D563,W6,South,Bike,2024-12-01,225,Delayed,4
D564,W10,West,Van,2024-07-12,77,On Time,2
D565,W6,North,Van,2024-05-21,45,Delayed,1
D566,W2,South,Bike,2024-02-28,204,Delayed,1
D567,W10,West,Bike,2024-07-03,140,On Time,4
D568,W9,West,Bike,2024-12-06,164,On Time,5
D569,W9,East,Truck,2024-08-24,235,Delayed,2
D570,W7,South,Truck,2024-05-26,206,On Time,2
D571,W9,East,Van,2024-12-02,205,On Time,2
D572,W1,West,Van,2024-05-28,74,Delayed,1
D573,W1,West,Truck,2025-01-05,288,Delayed,2
D574,W4,West,Bike,2024-02-07,95,Delayed,5
D575,W10,East,Truck,2024-05-18,123,On Time,4
D576,W1,West,Bike,2025-01-10,254,Delayed,2
D577,W4,East,Truck,2024-04-29,237,Delayed,4
D578,W8,East,Van,2024-05-15,223,Delayed,5
D579,W6,West,Bike,2024-04-19,178,Delayed,5
D580,W4,South,Van,2024-05-08,114,On Time,3
D581,W5,North,Van,2024-10-01,239,Delayed,2
D582,W3,East,Truck,2025-01-06,80,Delayed,5
D583,W2,West,Bike,2024-02-27,152,On Time,2
D584,W8,West,Truck,2024-05-23,179,On Time,2
D585,W8,South,Van,2024-11-07,82,On Time,4
D586,W3,East,Truck,2024-01-28,277,Delayed,5
D587,W10,East,Bike,2024-03-23,96,On Time,4
D588,W1,East,Bike,2024-05-26,292,Delayed,2
D589,W7,South,Bike,2024-12-03,170,Delayed,2
D590,W4,North,Bike,2024-09-30,294,On Time,2
D591,W3,West,Van,2024-11-12,292,On Time,2
D592,W6,North,Bike,2024-09-02,146,On Time,1
D593,W2,East,Van,2024-10-07,145,Delayed,5
D594,W1,East,Truck,2024-12-10,179,Delayed,4
D595,W9,East,Van,2024-03-26,47,Delayed,5
D596,W10,East,Truck,2024-03-23,151,Delayed,1
D597,W1,West,Van,2024-03-13,189,On Time,2
D598,W6,East,Van,2024-05-31,97,On Time,4
D599,W6,West,Truck,2024-11-20,51,On Time,3
D600,W6,North,Truck,2024-09-22,75,On Time,1
D601,W3,West,Truck,2024-09-29,283,On Time,1
D602,W5,South,Truck,2024-12-07,264,On Time,3
D603,W7,South,Truck,2024-09-17,224,On Time,4
D604,W9,West,Bike,2024-08-14,164,On Time,1
D605,W3,West,Van,2024-05-09,232,Delayed,2
D606,W5,West,Van,2024-07-22,25,Delayed,4
D607,W8,North,Bike,2024-05-07,169,Delayed,5
D608,W3,South,Truck,2024-02-03,63,On Time,1
D609,W10,North,Van,2024-09-30,209,On Time,3
D610,W6,East,Van,2024-05-29,249,On Time,4
D611,W2,East,Bike,2024-09-18,114,On Time,2
D612,W4,West,Bike,2024-12-28,48,Delayed,3
D613,W7,East,Truck,2024-07-22,183,Delayed,4
D614,W4,East,Van,2024-06-11,46,On Time,5
D615,W5,North,Truck,2024-03-12,94,On Time,5
D616,W3,South,Truck,2024-01-19,185,On Time,3
D617,W9,East,Bike,2024-02-01,75,On Time,3
D618,W5,West,Van,2024-11-24,98,On Time,1
D619,W10,West,Bike,2024-09-26,93,Delayed,3
D620,W7,West,Bike,2024-02-01,135,Delayed,4
D621,W8,North,Truck,2024-07-05,73,Delayed,2
D622,W4,West,Truck,2024-06-15,173,Delayed,2
D623,W2,West,Truck,2024-10-18,159,Delayed,3
D624,W9,East,Bike,2024-04-27,171,Delayed,4
D625,W1,North,Truck,2024-02-20,62,On Time,1
D626,W9,North,Bike,2024-02-28,155,Delayed,2
D627,W3,South,Truck,2024-01-26,246,Delayed,2
D628,W9,East,Bike,2024-03-23,56,On Time,4
D629,W2,South,Bike,2024-02-21,54,On Time,2
D630,W4,East,Truck,2024-03-19,72,Delayed,1
D631,W8,East,Van,2024-05-14,215,Delayed,2
D632,W5,North,Van,2024-06-01,91,Delayed,2
D633,W5,East,Bike,2024-11-06,126,On Time,4
D634,W2,East,Van,2024-09-23,99,Delayed,5
D635,W7,West,Truck,2024-07-17,100,Delayed,4
D636,W4,West,Van,2024-10-22,290,Delayed,3
D637,W3,North,Van,2024-08-18,75,Delayed,3
D638,W4,North,Van,2024-08-11,292,On Time,3
D639,W8,East,Truck,2024-08-23,296,On Time,5
D640,W9,South,Truck,2024-10-12,35,Delayed,2
D641,W5,East,Truck,2024-12-19,149,Delayed,2
D642,W9,South,Van,2024-02-03,279,On Time,2
D643,W1,South,Truck,2024-02-20,24,On Time,1
D644,W5,East,Van,2024-05-06,66,On Time,4
D645,W9,North,Truck,2024-01-30,36,On Time,3
D646,W3,South,Bike,2024-08-09,108,Delayed,5
D647,W10,West,Van,2024-11-06,188,Delayed,1
D648,W4,North,Bike,2024-03-03,186,On Time,5
D649,W1,East,Van,2024-08-25,228,On Time,4
D650,W8,North,Truck,2024-07-19,218,Delayed,1
D651,W5,North,Bike,2024-08-10,43,Delayed,1
D652,W6,North,Truck,2024-08-14,256,Delayed,5
D653,W9,East,Van,2024-07-27,109,On Time,5
D654,W2,East,Van,2024-01-29,179,Delayed,4
D655,W8,East,Van,2024-08-22,97,Delayed,5
D656,W2,East,Bike,2024-09-27,198,Delayed,5
D657,W5,East,Truck,2024-09-13,113,On Time,1
D658,W7,South,Truck,2024-02-11,191,On Time,5
D659,W9,West,Truck,2024-02-19,59,On Time,5
D660,W1,West,Bike,2024-03-20,80,Delayed,3
D661,W8,North,Truck,2024-05-03,290,On Time,3
D662,W2,North,Van,2024-02-25,128,On Time,4
D663,W3,South,Van,2024-07-13,234,On Time,2
D664,W9,West,Bike,2024-12-16,111,Delayed,1
D665,W6,East,Van,2024-11-04,254,Delayed,3
D666,W10,East,Bike,2024-09-13,282,On Time,2
D667,W4,West,Bike,2024-08-28,42,Delayed,2
D668,W7,East,Truck,2024-10-03,194,Delayed,3
D669,W10,East,Van,2024-03-27,155,Delayed,5
D670,W10,North,Truck,2024-03-15,244,Delayed,2
D671,W10,North,Van,2024-11-22,98,On Time,5
D672,W8,North,Van,2024-02-04,281,Delayed,2
D673,W2,South,Bike,2024-07-31,145,Delayed,1
D674,W3,West,Truck,2024-02-08,29,Delayed,1
D675,W2,North,Van,2024-05-22,208,On Time,4
D676,W6,East,Bike,2024-05-25,132,On Time,1
D677,W9,West,Van,2025-01-06,75,On Time,3
D678,W6,South,Van,2024-02-21,119,Delayed,4
D679,W1,West,Van,2024-12-06,103,On Time,2
D680,W9,South,Van,2024-01-28,119,Delayed,4
D681,W1,South,Van,2024-12-25,154,On Time,1
D682,W5,North,Truck,2024-02-23,123,On Time,1
D683,W1,West,Truck,2024-04-22,136,On Time,1
D684,W3,North,Bike,2024-03-27,84,Delayed,5
D685,W10,East,Truck,2024-12-11,116,Delayed,2
D686,W2,East,Van,2024-07-06,243,Delayed,4
D687,W3,North,Van,2024-01-29,116,On Time,3
D688,W8,South,Truck,2024-03-11,199,Delayed,3
D689,W7,West,Truck,2024-03-02,143,Delayed,3
D690,W10,West,Truck,2024-09-23,155,On Time,2
D691,W2,South,Bike,2024-04-08,64,Delayed,5
D692,W2,North,Bike,2024-11-29,215,On Time,4
D693,W7,East,Van,2025-01-10,75,Delayed,4
D694,W2,South,Bike,2024-05-19,203,On Time,5
D695,W4,South,Van,2024-12-07,50,Delayed,5
D696,W3,South,Bike,2024-05-08,233,Delayed,3
D697,W2,West,Van,2024-05-20,24,On Time,3
D698,W7,South,Van,2024-10-11,245,On Time,4
D699,W9,East,Van,2024-07-11,82,On Time,1
D700,W2,North,Bike,2024-04-01,89,Delayed,1
D701,W8,East,Truck,2024-02-13,189,On Time,3
D702,W7,West,Bike,2024-11-19,270,On Time,5
D703,W7,West,Truck,2024-03-15,62,Delayed,4
D704,W8,South,Van,2024-11-17,46,Delayed,5
D705,W4,East,Truck,2024-11-01,95,On Time,3
D706,W9,South,Van,2024-07-31,92,Delayed,1
D707,W2,South,Van,2024-06-21,231,On Time,4
D708,W2,North,Van,2024-05-04,168,Delayed,5
D709,W7,South,Bike,2024-03-28,215,Delayed,2
D710,W4,East,Van,2024-02-12,272,On Time,5
D711,W3,South,Bike,2024-04-17,171,Delayed,4
D712,W6,West,Van,2024-02-04,136,On Time,2
D713,W7,West,Truck,2024-12-09,177,Delayed,3
D714,W7,West,Bike,2025-01-10,142,Delayed,4
D715,W1,South,Truck,2024-06-22,221,Delayed,3
D716,W1,East,Truck,2024-02-22,288,Delayed,5
D717,W7,East,Van,2024-07-25,68,Delayed,3
D718,W10,West,Truck,2024-12-26,98,On Time,1
D719,W4,East,Van,2024-11-10,154,Delayed,5
D720,W9,North,Bike,2024-02-15,287,On Time,5
D721,W6,North,Truck,2024-07-05,214,Delayed,1
D722,W7,North,Truck,2024-03-17,277,Delayed,1
D723,W1,West,Bike,2024-09-19,65,On Time,3
D724,W4,West,Van,2024-08-31,294,On Time,4
D725,W6,West,Bike,2024-08-26,56,Delayed,3
D726,W6,South,Van,2024-11-29,257,On Time,2
D727,W9,East,Van,2024-04-10,250,On Time,1
D728,W7,South,Bike,2024-02-06,223,On Time,2
D729,W5,West,Van,2024-10-06,210,On Time,2
D730,W9,West,Van,2024-08-30,221,On Time,2
D731,W7,West,Van,2025-01-05,38,Delayed,3
D732,W6,West,Truck,2024-06-24,286,On Time,1
D733,W3,South,Truck,2024-08-27,270,Delayed,4
D734,W6,East,Bike,2024-11-13,113,Delayed,5
D735,W4,South,Van,2024-10-30,238,Delayed,2
D736,W9,West,Van,2024-06-06,233,On Time,4
D737,W10,South,Bike,2024-07-18,38,Delayed,3
D738,W7,North,Van,2024-12-15,244,Delayed,1
D739,W10,West,Truck,2024-03-19,215,Delayed,3
D740,W2,North,Bike,2025-01-08,159,Delayed,2
D741,W4,East,Bike,2024-06-23,290,Delayed,4
D742,W8,South,Van,2024-03-11,75,On Time,1
D743,W3,South,Van,2024-06-29,150,Delayed,5
D744,W9,South,Bike,2024-08-02,84,Delayed,1
D745,W9,North,Truck,2024-01-30,50,Delayed,2
D746,W5,West,Bike,2024-10-23,263,On Time,3
D747,W9,North,Bike,2024-07-19,38,On Time,1
D748,W10,West,Bike,2024-09-06,299,Delayed,4
D749,W4,South,Truck,2024-07-28,111,Delayed,4
D750,W1,South,Bike,2024-09-13,300,On Time,4
D751,W10,South,Bike,2024-05-21,115,Delayed,2
D752,W10,North,Bike,2024-04-30,186,Delayed,4
D753,W5,West,Van,2024-10-07,40,On Time,2
D754,W3,North,Truck,2024-06-22,253,Delayed,2
D755,W4,West,Van,2024-07-11,44,On Time,4
D756,W10,East,Truck,2024-02-20,203,Delayed,4
D757,W4,South,Truck,2024-08-01,270,On Time,3
D758,W9,North,Bike,2024-07-28,54,On Time,4
D759,W7,South,Truck,2024-08-25,61,Delayed,4
D760,W2,South,Truck,2024-07-26,221,On Time,5
D761,W4,West,Truck,2024-05-05,251,Delayed,1
D762,W5,South,Truck,2025-01-06,291,On Time,4
D763,W2,East,Van,2024-01-18,34,On Time,2
D764,W6,North,Van,2024-08-27,267,Delayed,5
D765,W5,West,Bike,2024-09-22,172,Delayed,4
D766,W6,East,Truck,2024-07-26,25,On Time,3
D767,W10,North,Bike,2024-03-20,103,Delayed,4
D768,W10,East,Bike,2024-05-26,175,Delayed,3
D769,W4,North,Van,2024-10-01,284,On Time,1
D770,W5,South,Van,2024-03-24,158,On Time,3
D771,W4,North,Bike,2024-01-26,202,Delayed,1
D772,W1,South,Truck,2024-10-11,134,On Time,4
D773,W10,East,Van,2024-05-31,45,On Time,5
D774,W10,West,Bike,2024-11-03,152,On Time,5
D775,W10,East,Bike,2024-03-13,35,On Time,5
D776,W3,South,Truck,2024-08-22,105,On Time,1
D777,W7,West,Bike,2024-02-25,74,On Time,1
D778,W4,South,Van,2024-07-14,21,On Time,5
D779,W2,East,Truck,2024-02-24,100,On Time,4
D780,W10,North,Van,2024-03-13,226,Delayed,1
D781,W9,North,Truck,2024-07-03,70,On Time,4
D782,W10,East,Bike,2024-10-18,55,Delayed,5
D783,W6,West,Truck,2024-08-22,165,Delayed,5
D784,W1,East,Truck,2025-01-13,123,On Time,3
D785,W7,East,Bike,2024-05-04,39,Delayed,1
D786,W2,South,Truck,2024-09-06,20,Delayed,1
D787,W2,East,Truck,2024-08-19,184,Delayed,5
D788,W5,North,Van,2025-01-06,226,On Time,4
D789,W9,West,Bike,2024-09-13,53,Delayed,1
D790,W7,North,Truck,2024-07-20,72,Delayed,1
D791,W8,North,Bike,2024-08-02,180,On Time,4
D792,W6,North,Bike,2024-12-28,179,Delayed,3
D793,W8,East,Van,2024-03-20,193,Delayed,1
D794,W9,East,Van,2024-12-04,213,Delayed,2
D795,W4,South,Van,2024-12-15,32,On Time,2
D796,W8,North,Bike,2024-06-30,216,Delayed,2
D797,W9,South,Van,2025-01-03,215,On Time,3
D798,W2,North,Van,2024-10-15,287,Delayed,3
D799,W1,North,Truck,2024-11-24,56,Delayed,3
D800,W5,East,Truck,2024-12-30,287,Delayed,5
D801,W9,South,Van,2024-01-19,232,On Time,1
D802,W2,South,Truck,2024-12-21,165,Delayed,2
D803,W5,West,Truck,2024-02-21,300,Delayed,4
D804,W3,North,Van,2024-08-30,223,On Time,4
D805,W6,East,Van,2024-09-05,84,Delayed,1
D806,W10,North,Van,2024-11-14,47,Delayed,5
D807,W8,West,Bike,2024-12-15,122,Delayed,1
D808,W9,North,Bike,2024-09-06,81,Delayed,4
D809,W9,West,Truck,2024-09-06,174,Delayed,4
D810,W2,South,Truck,2024-01-26,71,Delayed,3
D811,W1,West,Van,2024-08-27,76,Delayed,4
D812,W7,West,Van,2024-06-26,28,Delayed,3
D813,W2,South,Truck,2024-12-25,241,On Time,3
D814,W9,South,Van,2024-08-29,110,Delayed,3
D815,W10,South,Truck,2024-03-07,62,On Time,2
D816,W2,East,Truck,2024-04-30,38,On Time,5
D817,W3,South,Van,2024-03-15,20,Delayed,1
D818,W5,North,Truck,2024-12-18,94,Delayed,2
D819,W7,South,Truck,2024-06-11,95,On Time,3
D820,W5,North,Truck,2024-05-12,239,Delayed,4
D821,W10,North,Van,2025-01-06,210,On Time,2
D822,W9,West,Van,2024-08-26,216,On Time,1
D823,W6,East,Bike,2024-07-28,221,Delayed,4
D824,W9,West,Van,2024-11-04,189,Delayed,5
D825,W6,East,Bike,2024-05-31,185,On Time,2
D826,W5,North,Van,2024-10-06,223,On Time,5
D827,W4,East,Van,2024-07-05,252,Delayed,1
D828,W1,East,Bike,2024-10-02,172,Delayed,5
D829,W3,North,Bike,2024-09-26,82,Delayed,4
D830,W4,North,Bike,2024-04-26,172,Delayed,1
D831,W2,South,Bike,2024-03-15,163,On Time,4
D832,W5,West,Van,2024-09-15,21,Delayed,3
D833,W5,North,Bike,2024-08-07,285,Delayed,1
D834,W2,South,Truck,2024-05-18,84,Delayed,5
D835,W7,North,Van,2024-02-16,138,On Time,1
D836,W8,North,Truck,2024-11-23,219,On Time,3
D837,W6,East,Bike,2024-04-01,81,Delayed,2
D838,W1,West,Bike,2025-01-15,134,On Time,4
D839,W4,West,Van,2024-03-11,296,Delayed,1
D840,W6,South,Truck,2024-09-17,264,Delayed,5
D841,W6,South,Bike,2024-01-20,242,Delayed,5
D842,W9,South,Van,2024-06-10,117,On Time,1
D843,W10,South,Bike,2024-08-18,171,Delayed,3
D844,W6,West,Bike,2024-08-28,47,Delayed,5
D845,W7,South,Bike,2024-08-25,288,On Time,5
D846,W9,East,Truck,2024-11-21,251,On Time,1
D847,W7,East,Truck,2024-03-30,216,Delayed,1
D848,W8,East,Truck,2024-08-17,201,On Time,2
D849,W1,South,Bike,2024-09-25,113,Delayed,3
D850,W8,West,Van,2024-11-17,175,Delayed,1
D851,W8,North,Truck,2024-12-23,112,On Time,4
D852,W8,West,Truck,2024-06-08,218,Delayed,1
D853,W8,East,Van,2024-05-17,227,Delayed,5
D854,W6,West,Van,2024-09-10,176,Delayed,2
D855,W7,East,Bike,2024-12-21,88,On Time,4
D856,W10,South,Bike,2024-03-05,202,Delayed,2
D857,W5,South,Truck,2024-12-21,217,On Time,1
D858,W9,East,Truck,2024-05-11,83,Delayed,1
D859,W4,South,Van,2024-12-01,223,Delayed,5
D860,W1,South,Truck,2024-12-25,54,Delayed,1
D861,W5,East,Van,2024-07-23,206,Delayed,5
D862,W4,West,Truck,2024-06-12,140,On Time,4
D863,W10,West,Truck,2024-06-18,104,On Time,4
D864,W2,West,Bike,2024-01-27,104,Delayed,3
D865,W1,North,Bike,2024-08-04,159,Delayed,4
D866,W9,North,Van,2024-05-21,259,On Time,5
D867,W5,North,Van,2024-05-06,235,Delayed,5
D868,W6,East,Bike,2024-02-11,72,On Time,5
D869,W3,North,Van,2024-11-05,152,On Time,1
D870,W10,West,Bike,2024-02-13,251,On Time,4
D871,W8,East,Van,2024-12-28,129,On Time,4
D872,W7,North,Van,2024-04-19,214,Delayed,2
D873,W3,South,Bike,2024-05-08,65,Delayed,5
D874,W5,North,Van,2024-02-07,244,Delayed,1
D875,W1,West,Truck,2024-04-17,290,Delayed,5
D876,W6,North,Bike,2024-02-12,25,On Time,4
D877,W10,North,Bike,2024-07-31,275,Delayed,4
D878,W8,North,Van,2024-06-24,218,On Time,2
D879,W1,East,Bike,2024-07-15,140,Delayed,4
D880,W5,North,Truck,2024-11-19,48,On Time,5
D881,W7,West,Van,2024-01-20,143,Delayed,1
D882,W9,West,Truck,2024-06-22,238,Delayed,3
D883,W5,North,Van,2024-07-30,102,Delayed,4
D884,W9,East,Truck,2024-03-21,64,Delayed,5
D885,W4,South,Van,2024-10-03,145,On Time,3
D886,W10,South,Bike,2024-12-30,67,Delayed,3
D887,W3,East,Van,2024-05-20,179,Delayed,4
D888,W8,West,Van,2024-10-26,133,Delayed,5
D889,W6,North,Truck,2024-05-26,88,On Time,4
D890,W5,South,Van,2024-03-03,39,Delayed,5
D891,W2,West,Truck,2024-09-19,141,On Time,3
D892,W4,West,Bike,2024-01-25,200,Delayed,2
D893,W8,East,Truck,2024-10-14,259,Delayed,5
D894,W3,West,Van,2024-08-02,58,Delayed,4
D895,W2,South,Bike,2024-04-13,183,Delayed,2
D896,W6,West,Van,2024-06-27,297,On Time,5
D897,W9,South,Bike,2024-08-14,267,On Time,5
D898,W5,East,Van,2024-04-26,194,On Time,3
D899,W9,North,Bike,2024-07-22,158,On Time,3
D900,W10,West,Truck,2024-06-06,104,On Time,2
D901,W6,East,Truck,2024-09-01,88,Delayed,1
D902,W1,North,Bike,2024-11-10,60,Delayed,4
D903,W8,West,Bike,2024-10-02,111,Delayed,3
D904,W10,East,Truck,2024-02-18,144,Delayed,3
D905,W2,East,Bike,2024-07-09,167,On Time,4
D906,W10,West,Truck,2024-06-14,272,Delayed,5
D907,W6,West,Truck,2024-05-21,300,Delayed,3
D908,W3,East,Van,2024-08-11,265,On Time,5
D909,W7,North,Truck,2024-11-04,147,Delayed,2
D910,W3,West,Van,2024-02-22,33,On Time,5
D911,W2,South,Van,2024-09-16,296,On Time,5
D912,W3,East,Truck,2024-07-01,91,On Time,4
D913,W6,East,Bike,2024-03-10,70,Delayed,3
D914,W4,East,Truck,2024-02-19,269,Delayed,2
D915,W4,North,Bike,2024-09-10,206,Delayed,1
D916,W2,South,Truck,2024-04-09,93,On Time,4
D917,W3,North,Van,2024-08-03,99,Delayed,5
D918,W10,South,Van,2024-08-22,277,Delayed,5
D919,W10,West,Van,2024-11-12,267,Delayed,5
D920,W7,West,Truck,2024-07-19,216,Delayed,5
D921,W4,North,Bike,2024-11-12,73,Delayed,3
D922,W9,North,Truck,2024-07-05,148,On Time,2
D923,W5,West,Truck,2024-07-02,160,Delayed,2
D924,W1,South,Truck,2024-04-17,82,On Time,4
D925,W7,North,Truck,2024-04-30,169,On Time,4
D926,W4,West,Bike,2024-12-02,132,Delayed,5
D927,W2,West,Van,2024-09-30,195,Delayed,1
D928,W6,North,Truck,2024-02-17,264,Delayed,5
D929,W7,South,Truck,2024-06-05,79,Delayed,5
D930,W7,East,Truck,2024-08-21,289,On Time,2
D931,W7,East,Van,2024-08-12,150,On Time,2
D932,W7,West,Bike,2024-08-20,159,Delayed,1
D933,W5,West,Bike,2024-06-07,93,Delayed,4
D934,W3,West,Truck,2024-08-29,190,On Time,4
D935,W2,South,Truck,2024-08-13,164,On Time,4
D936,W6,East,Truck,2024-06-07,44,On Time,1
D937,W3,South,Bike,2024-10-30,71,Delayed,4
D938,W7,North,Bike,2024-02-08,299,Delayed,2
D939,W10,South,Truck,2024-09-12,185,On Time,3
D940,W7,East,Truck,2024-11-25,78,On Time,4
D941,W3,South,Bike,2024-10-15,145,On Time,2
D942,W8,East,Truck,2024-10-29,242,Delayed,3
D943,W9,West,Van,2024-06-26,78,Delayed,4
D944,W4,East,Van,2024-09-03,233,Delayed,5
D945,W1,North,Bike,2024-08-11,234,Delayed,4
D946,W1,East,Truck,2024-04-22,128,On Time,5
D947,W8,South,Van,2024-10-03,131,Delayed,2
D948,W2,North,Bike,2024-04-23,285,On Time,1
D949,W7,East,Van,2024-11-05,85,On Time,3
D950,W7,East,Truck,2024-03-14,119,Delayed,2
D951,W4,East,Bike,2024-09-04,164,Delayed,5
D952,W4,West,Truck,2024-11-27,38,Delayed,4
D953,W2,East,Van,2024-12-14,161,Delayed,2
D954,W9,East,Van,2024-05-10,90,Delayed,3
D955,W3,North,Van,2024-07-17,241,On Time,1
D956,W8,West,Truck,2024-03-24,242,Delayed,2
D957,W6,South,Truck,2024-07-04,162,On Time,2
D958,W6,North,Truck,2024-02-10,272,Delayed,1
D959,W3,East,Bike,2024-06-28,240,On Time,3
D960,W3,South,Truck,2024-08-01,116,Delayed,1
D961,W4,South,Bike,2024-09-29,26,Delayed,4
D962,W5,South,Truck,2024-10-15,130,On Time,1
D963,W10,South,Truck,2024-06-25,229,On Time,4
D964,W8,South,Bike,2024-04-17,74,On Time,4
D965,W5,South,Van,2024-01-26,298,On Time,5
D966,W6,North,Truck,2024-10-15,156,Delayed,5
D967,W5,North,Bike,2024-05-22,293,Delayed,5
D968,W2,East,Van,2024-08-19,119,On Time,5
D969,W6,East,Truck,2024-03-15,203,Delayed,5
D970,W6,North,Van,2024-11-11,157,On Time,1
D971,W2,East,Van,2024-10-11,45,Delayed,5
D972,W7,North,Bike,2024-03-31,260,Delayed,4
D973,W6,North,Van,2024-07-01,80,On Time,3
D974,W9,North,Van,2025-01-04,227,On Time,5
D975,W6,South,Van,2024-04-29,202,Delayed,1
D976,W1,South,Bike,2024-03-05,72,On Time,1
D977,W10,North,Bike,2024-09-13,120,On Time,3
D978,W3,North,Bike,2024-08-17,104,On Time,1
D979,W4,West,Truck,2024-12-12,129,On Time,1
D980,W8,West,Van,2025-01-05,69,Delayed,1
D981,W3,West,Van,2024-05-12,296,Delayed,4
D982,W8,South,Bike,2024-06-03,37,On Time,1
D983,W2,East,Truck,2024-01-30,244,On Time,3
D984,W7,East,Van,2024-10-06,164,On Time,3
D985,W7,East,Van,2024-11-12,206,On Time,5
D986,W9,West,Van,2024-05-09,103,On Time,3
D987,W3,West,Van,2024-02-06,174,On Time,2
D988,W6,South,Truck,2024-08-16,172,Delayed,3
D989,W5,North,Van,2024-09-18,51,On Time,5
D990,W4,South,Truck,2024-05-01,272,Delayed,4
D991,W9,West,Truck,2024-10-25,151,Delayed,1
D992,W1,East,Bike,2024-02-05,52,Delayed,4
D993,W6,East,Truck,2024-11-09,228,Delayed,4
D994,W6,South,Bike,2024-02-04,172,Delayed,2
D995,W3,East,Truck,2024-04-30,251,Delayed,2
D996,W8,North,Bike,2024-10-14,275,On Time,1
D997,W5,West,Truck,2024-07-29,20,Delayed,2
D998,W10,South,Bike,2024-07-03,235,On Time,5
D999,W10,South,Van,2024-03-24,178,On Time,1
D1000,W5,East,Van,2024-09-16,248,Delayed,4
D1001,W7,West,Van,2024-06-19,116,Delayed,2
D1002,W1,North,Van,2024-09-17,133,On Time,3
D1003,W7,East,Bike,2024-06-10,44,On Time,5
D1004,W1,North,Van,2024-11-10,42,Delayed,3
D1005,W9,West,Van,2024-04-23,54,Delayed,4
D1006,W5,South,Truck,2024-05-23,231,On Time,3
D1007,W8,East,Bike,2024-01-30,167,Delayed,1
D1008,W4,North,Truck,2024-02-20,234,On Time,1
D1009,W10,North,Truck,2024-07-17,187,On Time,1
D1010,W10,North,Truck,2024-11-10,209,On Time,2
D1011,W5,South,Truck,2024-12-01,216,Delayed,4
D1012,W1,South,Van,2024-04-26,137,On Time,4
D1013,W2,East,Van,2024-06-20,92,Delayed,3
D1014,W8,East,Truck,2024-02-24,113,On Time,3
D1015,W5,West,Truck,2024-06-20,176,On Time,5
D1016,W1,North,Bike,2024-12-10,107,Delayed,2
D1017,W4,South,Bike,2024-09-27,29,Delayed,2
D1018,W2,East,Bike,2024-09-15,175,Delayed,1
D1019,W5,South,Bike,2024-12-28,51,Delayed,5
D1020,W1,South,Truck,2024-01-21,184,On Time,4
D1021,W2,East,Truck,2024-05-03,129,Delayed,4
D1022,W7,West,Van,2024-02-14,300,Delayed,2
D1023,W9,South,Bike,2024-06-02,280,Delayed,3
D1024,W5,West,Van,2024-07-14,26,On Time,3
D1025,W10,North,Bike,2024-11-30,166,On Time,5
D1026,W3,South,Truck,2024-11-01,32,Delayed,3
D1027,W7,South,Bike,2024-04-25,275,Delayed,4
D1028,W1,East,Truck,2025-01-12,180,Delayed,5
D1029,W9,East,Van,2024-01-29,292,Delayed,5
D1030,W8,South,Van,2024-09-23,289,Delayed,4
D1031,W5,South,Truck,2024-08-28,35,Delayed,5
D1032,W7,North,Bike,2024-07-30,88,On Time,2
D1033,W10,East,Truck,2024-10-02,194,On Time,3
D1034,W10,North,Bike,2024-02-15,42,Delayed,4
D1035,W4,East,Truck,2024-05-16,261,On Time,5
D1036,W9,West,Truck,2024-08-30,282,Delayed,4
D1037,W4,South,Truck,2024-02-05,39,On Time,2
D1038,W3,North,Van,2024-06-14,298,On Time,5
D1039,W8,East,Truck,2024-12-17,154,Delayed,4
D1040,W7,West,Bike,2024-09-27,146,Delayed,1
D1041,W10,North,Bike,2024-09-29,97,On Time,5
D1042,W5,West,Bike,2024-12-01,131,Delayed,1
D1043,W10,North,Van,2025-01-10,76,Delayed,4
D1044,W3,North,Truck,2024-10-18,220,Delayed,4
D1045,W7,South,Van,2024-11-04,289,On Time,5
D1046,W6,North,Truck,2024-03-03,146,On Time,5
D1047,W9,East,Truck,2024-05-15,97,On Time,2
D1048,W7,East,Truck,2024-03-17,27,Delayed,5
D1049,W7,South,Bike,2024-10-02,113,On Time,2
D1050,W5,North,Van,2024-05-23,206,On Time,5
D1051,W1,North,Truck,2024-11-04,121,On Time,3
D1052,W4,East,Van,2024-11-08,157,On Time,5
D1053,W9,South,Truck,2024-05-30,247,On Time,5
D1054,W7,East,Bike,2024-05-29,234,Delayed,4
D1055,W2,West,Van,2024-09-27,269,On Time,3
D1056,W3,South,Van,2024-07-01,63,On Time,3
D1057,W6,North,Truck,2024-08-20,185,Delayed,3
D1058,W10,West,Bike,2024-12-23,237,Delayed,3
D1059,W8,West,Van,2024-04-10,208,Delayed,1
D1060,W6,East,Truck,2024-09-19,206,On Time,2
D1061,W5,West,Bike,2024-07-31,236,On Time,3
D1062,W3,South,Van,2024-06-05,201,Delayed,4
D1063,W1,West,Van,2024-12-09,123,Delayed,1
D1064,W9,North,Van,2024-09-18,265,On Time,5
D1065,W4,West,Van,2024-08-06,113,On Time,2
D1066,W4,South,Bike,2024-09-30,191,On Time,3
D1067,W8,North,Van,2024-10-25,110,On Time,1
D1068,W2,West,Truck,2024-09-09,295,On Time,4
D1069,W2,South,Truck,2024-02-25,200,Delayed,2
D1070,W7,East,Van,2024-07-21,147,Delayed,4
D1071,W9,East,Truck,2024-06-02,226,Delayed,3
D1072,W1,West,Truck,2024-10-25,118,On Time,5
D1073,W4,East,Van,2024-02-10,124,Delayed,2
D1074,W9,North,Van,2024-12-27,178,Delayed,1
D1075,W1,East,Van,2024-12-09,23,On Time,1
D1076,W8,South,Bike,2024-06-09,56,On Time,4
D1077,W5,North,Van,2024-10-23,163,Delayed,5
D1078,W1,West,Van,2024-08-12,212,On Time,5
D1079,W4,South,Truck,2024-05-05,249,Delayed,4
D1080,W9,East,Truck,2024-02-14,241,Delayed,2
D1081,W1,South,Bike,2024-06-01,248,Delayed,3
D1082,W2,East,Truck,2024-04-19,62,Delayed,4
D1083,W10,East,Van,2024-10-20,33,Delayed,2
D1084,W7,North,Van,2025-01-14,249,Delayed,5
D1085,W2,South,Bike,2024-03-17,83,On Time,4
D1086,W1,West,Van,2024-11-12,268,On Time,4
D1087,W4,East,Truck,2024-10-21,140,On Time,5
D1088,W2,West,Bike,2024-02-04,264,Delayed,3
D1089,W9,North,Truck,2024-04-10,45,On Time,1
D1090,W5,East,Van,2024-07-08,55,On Time,4
D1091,W9,West,Van,2024-09-24,147,On Time,1
D1092,W7,West,Van,2024-02-29,169,On Time,1
D1093,W3,North,Van,2024-04-05,225,On Time,3
D1094,W8,East,Truck,2024-09-18,267,On Time,5
D1095,W4,North,Bike,2024-12-28,159,Delayed,1
D1096,W8,North,Truck,2024-06-17,237,Delayed,5
D1097,W1,West,Bike,2024-05-15,49,Delayed,2
D1098,W8,North,Truck,2024-07-26,76,On Time,5
D1099,W7,South,Bike,2024-05-23,135,On Time,1
D1100,W4,East,Van,2024-02-17,150,Delayed,4
D1101,W8,South,Van,2024-01-27,279,On Time,2
D1102,W8,West,Truck,2024-12-25,275,Delayed,1
D1103,W2,West,Truck,2024-12-24,152,Delayed,5
D1104,W1,South,Van,2024-12-25,165,On Time,5
D1105,W2,East,Van,2024-09-16,245,On Time,2
D1106,W7,South,Bike,2024-05-09,65,Delayed,1
D1107,W10,North,Bike,2024-06-14,64,Delayed,1
D1108,W4,West,Bike,2024-07-06,177,On Time,4
D1109,W4,East,Truck,2024-09-27,127,On Time,2
D1110,W3,East,Van,2024-10-19,90,Delayed,1
D1111,W8,East,Bike,2024-04-09,182,Delayed,4
D1112,W5,South,Bike,2024-08-19,182,Delayed,1
D1113,W2,South,Van,2024-04-24,135,Delayed,5
D1114,W4,West,Bike,2024-09-23,293,On Time,3
D1115,W2,South,Van,2024-03-28,144,Delayed,4
D1116,W5,West,Van,2024-06-08,235,Delayed,5
D1117,W3,South,Truck,2024-10-04,116,On Time,4
D1118,W10,South,Truck,2024-05-09,144,On Time,4
D1119,W2,South,Bike,2024-12-22,97,On Time,4
D1120,W7,South,Truck,2024-09-21,120,On Time,4
D1121,W7,North,Truck,2024-05-27,293,On Time,2
D1122,W10,West,Bike,2024-04-25,190,Delayed,4
D1123,W2,East,Bike,2024-06-02,122,Delayed,4
D1124,W9,West,Van,2024-02-20,204,On Time,1
D1125,W4,West,Truck,2024-06-11,229,On Time,2
D1126,W1,West,Van,2024-05-01,223,On Time,3
D1127,W7,West,Truck,2024-12-03,110,Delayed,3
D1128,W4,North,Truck,2024-10-29,294,On Time,5
D1129,W3,North,Truck,2024-03-16,191,Delayed,4
D1130,W1,West,Truck,2024-12-16,129,Delayed,1
D1131,W8,South,Van,2024-03-01,127,On Time,1
D1132,W3,South,Truck,2024-11-14,237,Delayed,2
D1133,W8,North,Truck,2024-12-07,148,On Time,3
D1134,W3,West,Bike,2024-05-23,201,Delayed,1
D1135,W1,North,Van,2024-10-31,210,Delayed,5
D1136,W6,North,Van,2024-03-29,26,On Time,2
D1137,W3,West,Truck,2024-09-16,93,On Time,4
D1138,W2,West,Bike,2024-12-16,141,Delayed,5
D1139,W6,South,Truck,2024-06-24,56,On Time,2
D1140,W7,North,Van,2024-01-24,50,Delayed,4
D1141,W5,West,Bike,2024-05-06,231,Delayed,2
D1142,W7,North,Truck,2024-11-15,262,Delayed,5
D1143,W3,East,Truck,2024-09-16,88,Delayed,5
D1144,W7,East,Van,2024-12-20,235,On Time,4
D1145,W3,West,Truck,2024-03-02,179,Delayed,3
D1146,W9,North,Bike,2024-10-17,240,Delayed,2
D1147,W6,West,Truck,2024-07-30,163,On Time,1
D1148,W10,East,Bike,2024-04-21,220,Delayed,3
D1149,W2,West,Bike,2024-05-23,52,Delayed,1
D1150,W10,North,Truck,2024-03-10,65,Delayed,4
D1151,W8,East,Truck,2024-04-26,107,Delayed,4
D1152,W8,North,Bike,2024-12-22,152,Delayed,5
D1153,W9,North,Bike,2024-08-09,234,On Time,4
D1154,W1,North,Bike,2024-11-30,83,On Time,5
D1155,W8,North,Van,2024-12-19,54,Delayed,4
D1156,W2,South,Truck,2024-10-07,179,Delayed,3
D1157,W3,West,Truck,2024-07-16,239,On Time,2
D1158,W9,North,Truck,2024-03-20,138,Delayed,5
D1159,W5,North,Bike,2024-10-17,75,On Time,2
D1160,W9,East,Bike,2024-12-01,273,Delayed,5
D1161,W7,West,Bike,2024-09-04,232,Delayed,5
D1162,W10,North,Van,2024-05-03,29,On Time,4
D1163,W9,West,Truck,2024-10-12,212,Delayed,4
D1164,W6,North,Bike,2024-05-14,137,Delayed,3
D1165,W2,West,Truck,2024-02-01,241,On Time,1
D1166,W4,North,Bike,2024-04-03,247,Delayed,1
D1167,W7,East,Bike,2024-07-29,276,Delayed,3
D1168,W1,South,Truck,2024-06-22,48,On Time,5
D1169,W2,North,Van,2024-08-09,85,Delayed,1
D1170,W8,North,Truck,2024-09-12,245,Delayed,1
D1171,W10,North,Van,2024-02-24,293,On Time,5
D1172,W4,South,Bike,2024-09-13,72,Delayed,4
D1173,W1,South,Bike,2024-11-02,134,Delayed,3
D1174,W8,East,Bike,2024-09-09,222,Delayed,5
D1175,W1,North,Truck,2024-11-08,117,Delayed,3
D1176,W7,North,Bike,2024-08-31,216,On Time,2
D1177,W7,West,Van,2024-08-04,272,On Time,1
D1178,W9,West,Bike,2024-12-25,262,On Time,3
D1179,W4,East,Truck,2024-08-26,211,Delayed,1
D1180,W3,North,Van,2024-12-03,36,On Time,1
D1181,W10,West,Truck,2024-07-18,186,On Time,4
D1182,W10,South,Bike,2024-07-05,189,On Time,5
D1183,W3,North,Truck,2024-09-17,132,Delayed,4
D1184,W2,North,Truck,2024-11-01,201,Delayed,2
D1185,W8,North,Truck,2024-03-29,108,On Time,5
D1186,W7,East,Truck,2024-01-18,249,On Time,1
D1187,W1,North,Truck,2024-09-16,294,On Time,5
D1188,W10,South,Truck,2024-03-24,184,Delayed,4
D1189,W10,West,Van,2024-09-12,224,On Time,3
D1190,W1,West,Bike,2024-03-04,188,Delayed,5
D1191,W4,North,Van,2024-05-27,179,On Time,1
D1192,W2,North,Van,2024-01-29,132,On Time,5
D1193,W8,North,Van,2024-06-13,156,On Time,1
D1194,W5,East,Truck,2024-08-18,246,Delayed,3
D1195,W10,South,Truck,2024-04-18,286,On Time,4
D1196,W5,South,Truck,2024-07-19,75,Delayed,4
D1197,W7,West,Van,2024-10-16,86,On Time,1
D1198,W6,East,Van,2024-05-02,212,On Time,3
D1199,W3,South,Truck,2024-07-08,166,On Time,1
D1200,W10,West,Truck,2024-09-27,226,On Time,3
D1201,W4,North,Truck,2024-09-10,281,Delayed,2
D1202,W4,South,Bike,2024-04-26,222,On Time,2
D1203,W7,South,Van,2024-05-18,137,On Time,3
D1204,W5,North,Truck,2024-11-12,231,Delayed,4
D1205,W6,South,Truck,2024-04-27,85,Delayed,4
D1206,W8,West,Truck,2024-07-08,75,Delayed,1
D1207,W9,West,Van,2024-04-29,112,Delayed,1
D1208,W2,East,Van,2024-04-21,30,Delayed,5
D1209,W3,West,Bike,2024-05-17,283,On Time,1
D1210,W4,East,Van,2024-10-22,102,On Time,5
D1211,W2,North,Van,2024-11-06,172,On Time,1
D1212,W9,East,Truck,2024-05-07,198,On Time,1
D1213,W6,West,Truck,2024-02-01,247,Delayed,3
D1214,W6,North,Bike,2024-05-02,224,Delayed,2
D1215,W3,West,Bike,2024-11-27,196,On Time,5
D1216,W5,North,Van,2024-07-20,130,Delayed,2
D1217,W5,North,Bike,2024-02-21,186,On Time,3
D1218,W9,West,Van,2024-11-01,211,Delayed,2
D1219,W10,East,Van,2024-11-11,186,On Time,5
D1220,W1,West,Van,2024-11-14,243,Delayed,1
D1221,W8,West,Bike,2024-10-26,116,Delayed,2
D1222,W5,North,Truck,2024-05-24,71,Delayed,1
D1223,W3,North,Bike,2024-11-04,217,On Time,5
D1224,W9,South,Truck,2024-08-28,70,On Time,4
D1225,W6,South,Truck,2024-05-23,284,On Time,4
D1226,W6,South,Truck,2024-07-22,146,Delayed,1
D1227,W2,West,Truck,2024-06-01,81,On Time,4
D1228,W6,South,Van,2024-02-12,192,Delayed,3
D1229,W2,South,Van,2024-09-09,211,Delayed,2
D1230,W5,East,Bike,2024-01-27,260,Delayed,3
D1231,W2,South,Bike,2024-10-15,183,On Time,5
D1232,W8,South,Bike,2025-01-05,187,Delayed,2
D1233,W10,East,Van,2024-12-21,62,On Time,3
D1234,W7,North,Bike,2024-10-08,123,Delayed,1
D1235,W7,West,Van,2024-06-05,273,Delayed,2
D1236,W8,West,Van,2024-06-06,122,On Time,5
D1237,W3,East,Van,2024-03-15,150,Delayed,5
D1238,W1,West,Bike,2024-02-20,242,On Time,3
D1239,W3,East,Van,2024-11-13,211,Delayed,1
D1240,W5,East,Van,2024-10-25,104,Delayed,3
D1241,W5,North,Bike,2024-06-21,119,On Time,2
D1242,W3,East,Truck,2024-08-19,145,On Time,1
D1243,W6,East,Bike,2024-07-10,180,On Time,2
D1244,W2,West,Van,2024-10-28,106,On Time,3
D1245,W4,South,Truck,2024-09-09,102,Delayed,2
D1246,W10,West,Bike,2024-03-06,154,On Time,1
D1247,W10,West,Van,2024-10-01,59,Delayed,2
D1248,W4,East,Truck,2024-05-24,83,On Time,1
D1249,W10,East,Truck,2024-08-19,114,On Time,3
D1250,W2,East,Bike,2024-01-18,277,On Time,4
D1251,W4,East,Bike,2024-11-13,158,Delayed,5
D1252,W6,North,Truck,2024-08-31,279,On Time,4
D1253,W1,West,Van,2024-06-02,31,Delayed,3
D1254,W2,West,Bike,2024-09-02,200,Delayed,3
D1255,W1,South,Bike,2024-01-29,189,On Time,2
D1256,W3,North,Bike,2024-08-16,171,On Time,1
D1257,W10,East,Truck,2024-08-26,251,On Time,2
D1258,W6,West,Van,2024-11-21,144,On Time,4
D1259,W10,South,Truck,2024-05-07,22,On Time,1
D1260,W8,South,Bike,2024-09-24,119,On Time,1
D1261,W10,South,Truck,2024-08-07,238,Delayed,2
D1262,W1,West,Truck,2024-11-04,201,On Time,5
D1263,W6,South,Bike,2024-11-12,65,Delayed,4
D1264,W9,West,Truck,2024-04-11,243,Delayed,5
D1265,W5,West,Truck,2024-07-07,296,Delayed,2
D1266,W9,West,Truck,2024-04-28,270,Delayed,4
D1267,W5,South,Van,2024-11-13,108,Delayed,3
D1268,W3,West,Van,2024-09-12,125,On Time,4
D1269,W1,North,Truck,2024-03-27,41,Delayed,1
D1270,W7,West,Van,2024-01-22,208,Delayed,5
D1271,W4,West,Van,2024-06-13,197,On Time,3
D1272,W6,West,Truck,2024-07-28,87,On Time,5
D1273,W7,North,Bike,2024-08-22,102,Delayed,4
D1274,W2,West,Truck,2024-10-09,299,Delayed,2
D1275,W6,South,Truck,2024-06-19,105,Delayed,2
D1276,W8,West,Bike,2024-05-04,244,On Time,4
D1277,W10,East,Truck,2024-03-28,269,Delayed,1
D1278,W1,South,Truck,2024-09-25,176,Delayed,3
D1279,W8,West,Van,2024-03-22,180,On Time,5
D1280,W2,East,Truck,2024-04-28,53,On Time,4
D1281,W3,East,Truck,2024-05-01,57,Delayed,1
D1282,W7,East,Truck,2024-02-06,133,Delayed,3
D1283,W6,West,Truck,2024-01-26,179,On Time,5
D1284,W10,North,Van,2024-10-25,82,On Time,2
D1285,W1,East,Truck,2024-02-12,139,On Time,1
D1286,W5,South,Truck,2024-02-18,162,On Time,2
D1287,W3,North,Truck,2024-12-14,109,On Time,1
D1288,W9,North,Van,2024-11-10,79,On Time,3
D1289,W10,North,Van,2025-01-03,123,Delayed,3
D1290,W4,East,Van,2024-04-10,110,Delayed,1
D1291,W1,East,Van,2024-02-15,51,Delayed,2
D1292,W9,West,Bike,2024-04-26,103,On Time,3
D1293,W5,West,Truck,2024-05-28,265,Delayed,2
D1294,W6,East,Truck,2024-04-06,276,On Time,4
D1295,W8,West,Bike,2024-12-10,236,Delayed,5
D1296,W6,West,Truck,2024-08-26,121,Delayed,4
D1297,W5,South,Truck,2024-12-17,179,Delayed,1
D1298,W1,East,Van,2024-10-31,252,Delayed,4
D1299,W3,South,Bike,2024-09-08,84,Delayed,2
D1300,W9,West,Van,2024-11-16,276,Delayed,4
D1301,W4,East,Truck,2024-11-08,140,On Time,4
D1302,W8,South,Truck,2024-12-06,108,Delayed,5
D1303,W5,West,Van,2024-07-22,273,On Time,5
D1304,W7,West,Bike,2024-09-29,175,Delayed,4
D1305,W7,West,Truck,2024-09-30,208,Delayed,3
D1306,W5,East,Bike,2024-02-28,209,On Time,1
D1307,W3,East,Van,2024-10-05,261,On Time,4
D1308,W5,West,Van,2024-02-05,68,Delayed,3
D1309,W9,North,Truck,2024-07-03,38,Delayed,2
D1310,W4,East,Bike,2024-09-28,273,On Time,4
D1311,W8,East,Van,2024-03-15,167,On Time,2
D1312,W1,South,Truck,2024-07-07,289,On Time,4
D1313,W3,East,Bike,2024-06-07,227,On Time,2
D1314,W4,East,Truck,2024-09-02,120,On Time,3
D1315,W6,South,Van,2024-01-24,96,Delayed,1
D1316,W6,West,Bike,2024-10-20,26,On Time,5
D1317,W10,South,Truck,2024-12-19,96,Delayed,1
D1318,W5,South,Truck,2024-05-08,99,Delayed,2
D1319,W10,East,Truck,2024-06-13,165,On Time,3
D1320,W1,North,Bike,2024-04-02,256,Delayed,3
D1321,W1,East,Van,2024-09-15,168,Delayed,2
D1322,W7,North,Van,2024-11-09,288,Delayed,4
D1323,W3,North,Van,2024-03-15,35,Delayed,5
D1324,W10,East,Bike,2025-01-15,278,Delayed,3
D1325,W3,East,Van,2024-10-22,68,On Time,2
D1326,W8,East,Bike,2024-05-25,82,On Time,1
D1327,W4,West,Van,2024-05-22,23,Delayed,4
D1328,W9,South,Truck,2024-11-05,112,Delayed,1
D1329,W10,South,Truck,2024-05-20,55,On Time,5
D1330,W6,South,Van,2024-06-12,71,On Time,5
D1331,W10,South,Bike,2024-09-16,77,Delayed,1
D1332,W8,East,Bike,2024-10-03,146,On Time,5
D1333,W8,South,Van,2024-07-11,257,Delayed,4
D1334,W6,West,Truck,2024-11-12,294,On Time,3
D1335,W7,North,Van,2024-05-12,39,On Time,5
D1336,W4,West,Bike,2024-03-23,293,Delayed,5
D1337,W6,North,Van,2024-03-02,157,On Time,4
D1338,W2,East,Bike,2024-11-29,162,Delayed,4
D1339,W10,East,Truck,2024-01-20,234,Delayed,1
D1340,W10,North,Bike,2024-12-13,281,Delayed,5
D1341,W8,South,Van,2024-07-31,168,On Time,2
D1342,W7,West,Bike,2024-05-14,248,Delayed,3
D1343,W2,North,Van,2024-02-23,146,On Time,1
D1344,W9,North,Van,2024-06-23,262,Delayed,1
D1345,W1,East,Truck,2024-04-20,232,On Time,4
D1346,W10,East,Bike,2024-01-29,235,On Time,2
D1347,W4,South,Van,2024-03-26,199,On Time,3
D1348,W2,West,Truck,2024-01-26,246,On Time,3
D1349,W5,North,Truck,2024-09-24,28,On Time,2
D1350,W5,West,Van,2024-02-24,75,Delayed,5
D1351,W2,East,Bike,2024-12-26,72,On Time,2
D1352,W4,West,Truck,2024-04-16,247,Delayed,2
D1353,W3,South,Bike,2024-11-14,252,On Time,1
D1354,W4,North,Truck,2024-06-19,272,On Time,2
D1355,W7,West,Van,2024-04-09,60,On Time,4
D1356,W7,East,Van,2024-04-23,143,On Time,1
D1357,W9,North,Truck,2024-04-15,148,On Time,2
D1358,W8,South,Van,2024-11-29,277,Delayed,2
D1359,W8,East,Bike,2024-04-17,139,On Time,5
D1360,W10,West,Bike,2024-06-06,207,On Time,4
D1361,W5,South,Truck,2024-09-18,42,On Time,4
D1362,W8,North,Bike,2024-12-12,25,Delayed,1
D1363,W3,West,Van,2024-10-08,223,Delayed,3
D1364,W6,North,Van,2024-08-10,256,On Time,1
D1365,W2,North,Truck,2024-11-19,42,On Time,3
D1366,W4,West,Van,2024-04-03,225,Delayed,5
D1367,W8,East,Bike,2024-02-02,209,Delayed,3
D1368,W3,South,Van,2024-09-12,246,Delayed,3
D1369,W5,West,Van,2025-01-04,188,On Time,4
D1370,W6,South,Van,2024-11-22,242,On Time,4
D1371,W1,South,Bike,2024-08-06,197,On Time,5
D1372,W6,East,Truck,2024-12-31,192,Delayed,5
D1373,W6,West,Bike,2024-02-23,203,Delayed,2
D1374,W9,West,Van,2024-02-17,125,On Time,4
D1375,W7,West,Van,2024-08-12,164,Delayed,5
D1376,W4,North,Van,2024-03-13,128,On Time,4
D1377,W2,West,Truck,2024-09-07,64,On Time,2
D1378,W5,South,Van,2024-06-10,207,Delayed,1
D1379,W2,West,Truck,2024-04-24,249,Delayed,2
D1380,W5,North,Truck,2024-05-28,130,On Time,3
D1381,W6,West,Truck,2025-01-03,216,Delayed,3
D1382,W1,East,Bike,2024-08-19,101,On Time,5
D1383,W4,West,Van,2024-05-16,102,Delayed,1
D1384,W1,North,Van,2024-06-24,285,On Time,2
D1385,W2,South,Van,2024-07-13,179,On Time,3
D1386,W10,North,Van,2024-12-13,70,Delayed,4
D1387,W3,South,Bike,2024-01-30,97,Delayed,2
D1388,W2,North,Bike,2024-08-28,103,On Time,1
D1389,W10,West,Truck,2024-11-16,210,On Time,4
D1390,W8,North,Van,2024-03-25,242,Delayed,2
D1391,W2,North,Bike,2024-07-31,216,Delayed,1
D1392,W5,West,Bike,2024-12-27,201,Delayed,4
D1393,W6,North,Truck,2025-01-17,42,Delayed,2
D1394,W8,East,Bike,2024-07-18,216,Delayed,3
D1395,W10,South,Truck,2024-03-17,159,On Time,3
D1396,W8,West,Truck,2024-09-20,257,On Time,2
D1397,W3,North,Bike,2024-12-25,211,On Time,1
D1398,W10,South,Truck,2024-06-01,290,On Time,4
D1399,W2,East,Truck,2024-09-15,216,Delayed,3
D1400,W2,North,Bike,2024-06-06,300,Delayed,2
D1401,W3,West,Bike,2024-04-02,28,On Time,1
D1402,W8,East,Bike,2025-01-07,205,Delayed,3
D1403,W3,South,Truck,2024-08-08,294,Delayed,4
D1404,W7,West,Bike,2024-12-29,94,Delayed,4
D1405,W3,South,Bike,2025-01-11,139,Delayed,4
D1406,W1,East,Bike,2024-02-24,172,Delayed,5
D1407,W8,North,Truck,2024-06-12,61,Delayed,5
D1408,W2,East,Van,2024-11-09,161,On Time,4
D1409,W3,North,Bike,2024-09-17,259,Delayed,4
D1410,W9,East,Truck,2024-12-21,167,Delayed,1
D1411,W4,East,Van,2024-08-29,163,On Time,2
D1412,W10,East,Bike,2024-07-19,190,On Time,1
D1413,W9,East,Truck,2024-05-16,271,On Time,4
D1414,W3,North,Van,2024-02-13,280,Delayed,3
D1415,W2,West,Van,2024-01-20,155,Delayed,3
D1416,W4,West,Van,2024-10-27,121,On Time,2
D1417,W3,West,Truck,2024-05-03,197,On Time,5
D1418,W6,North,Van,2024-08-12,150,Delayed,4
D1419,W7,East,Truck,2024-04-20,108,On Time,4
D1420,W8,West,Bike,2024-11-30,82,Delayed,4
D1421,W5,West,Van,2024-06-07,199,On Time,3
D1422,W9,West,Van,2024-12-08,72,Delayed,1
D1423,W3,East,Van,2024-10-20,266,Delayed,1
D1424,W9,South,Bike,2024-08-12,277,Delayed,1
D1425,W9,North,Truck,2024-07-15,283,Delayed,2
D1426,W4,East,Van,2024-02-21,165,On Time,3
D1427,W4,East,Van,2024-07-26,168,Delayed,5
D1428,W6,West,Van,2024-10-04,221,On Time,1
D1429,W2,North,Van,2024-02-27,273,Delayed,1
D1430,W6,West,Van,2024-03-25,27,On Time,1
D1431,W10,West,Bike,2024-10-20,256,On Time,1
D1432,W5,West,Truck,2024-02-07,185,On Time,1
D1433,W4,North,Bike,2024-04-03,115,Delayed,3
D1434,W1,North,Van,2024-01-20,269,On Time,4
D1435,W1,East,Van,2025-01-15,170,Delayed,5
D1436,W4,North,Bike,2024-12-22,197,Delayed,3
D1437,W3,East,Truck,2024-10-17,139,On Time,2
D1438,W7,West,Truck,2024-05-28,143,On Time,4
D1439,W1,East,Bike,2024-02-14,152,Delayed,4
D1440,W2,North,Bike,2024-08-30,106,On Time,4
D1441,W2,South,Truck,2024-02-27,206,Delayed,2
D1442,W3,West,Bike,2024-08-03,186,On Time,1
D1443,W1,East,Van,2024-06-11,34,Delayed,5
D1444,W4,West,Truck,2024-10-14,227,Delayed,3
D1445,W8,North,Van,2024-02-22,127,Delayed,1
D1446,W7,West,Truck,2024-04-15,169,On Time,2
D1447,W9,North,Bike,2024-08-21,171,Delayed,4
D1448,W2,North,Truck,2024-01-27,140,Delayed,2
D1449,W4,North,Truck,2024-11-27,163,Delayed,4
D1450,W3,South,Truck,2024-05-13,123,Delayed,2
D1451,W6,East,Van,2024-08-06,56,Delayed,2
D1452,W10,South,Bike,2024-08-24,139,On Time,1
D1453,W7,North,Truck,2024-11-30,68,On Time,3
D1454,W6,North,Bike,2025-01-03,48,On Time,2
D1455,W2,South,Van,2024-11-14,163,Delayed,4
D1456,W4,North,Van,2024-02-07,279,Delayed,1
D1457,W9,East,Bike,2024-01-31,24,On Time,1
D1458,W4,North,Bike,2024-07-13,109,On Time,4
D1459,W7,South,Van,2024-09-08,154,Delayed,5
D1460,W3,South,Van,2024-11-04,112,Delayed,5
D1461,W3,West,Bike,2024-02-05,66,Delayed,3
D1462,W9,West,Van,2024-06-13,264,Delayed,4
D1463,W3,South,Van,2024-08-30,207,On Time,5
D1464,W9,East,Bike,2024-12-16,277,On Time,5
D1465,W7,North,Bike,2024-02-18,95,On Time,4
D1466,W9,South,Van,2024-05-10,291,On Time,1
D1467,W6,West,Truck,2024-07-01,61,On Time,4
D1468,W9,North,Truck,2024-06-19,109,On Time,5
D1469,W9,South,Van,2024-08-01,187,On Time,2
D1470,W3,East,Van,2024-04-14,173,On Time,5
D1471,W8,East,Bike,2024-04-26,67,On Time,4
D1472,W4,South,Van,2024-04-03,243,On Time,1
D1473,W9,East,Truck,2024-06-30,196,Delayed,3
D1474,W6,North,Bike,2024-06-11,249,Delayed,4
D1475,W6,West,Van,2024-01-20,83,On Time,1
D1476,W5,West,Bike,2024-10-19,135,On Time,1
D1477,W3,North,Bike,2024-11-20,85,On Time,3
D1478,W3,North,Truck,2024-02-07,270,On Time,4
D1479,W2,East,Van,2024-02-05,169,On Time,4
D1480,W6,West,Truck,2024-06-26,291,Delayed,1
D1481,W3,West,Van,2024-04-24,41,On Time,1
D1482,W9,West,Truck,2024-04-14,253,On Time,1
D1483,W9,West,Bike,2024-02-13,268,On Time,3
D1484,W8,South,Van,2024-06-07,233,On Time,3
D1485,W1,East,Truck,2024-04-15,90,Delayed,5
D1486,W4,South,Truck,2024-11-29,191,Delayed,3
D1487,W2,South,Van,2024-07-04,100,On Time,4
D1488,W3,West,Van,2024-07-04,263,Delayed,1
D1489,W4,East,Bike,2024-07-20,120,Delayed,1
D1490,W4,East,Bike,2025-01-16,272,On Time,4
D1491,W3,South,Bike,2024-08-04,235,On Time,5
D1492,W2,West,Truck,2024-05-19,36,On Time,2
D1493,W5,West,Van,2024-04-20,264,On Time,5
D1494,W4,East,Truck,2024-07-07,242,Delayed,1
D1495,W8,South,Truck,2024-07-13,138,On Time,4
D1496,W8,West,Truck,2024-09-08,80,On Time,2
D1497,W2,East,Van,2024-01-27,225,Delayed,2
D1498,W1,South,Van,2024-05-04,26,On Time,4
D1499,W1,East,Bike,2024-12-06,275,On Time,4
D1500,W1,West,Truck,2024-05-07,68,On Time,3
D1501,W6,East,Truck,2024-11-24,180,Delayed,2
D1502,W3,East,Van,2024-08-09,75,On Time,1
D1503,W4,South,Bike,2024-04-16,273,Delayed,3
D1504,W4,South,Truck,2024-10-17,36,On Time,2
D1505,W4,North,Truck,2024-06-22,143,Delayed,3
D1506,W7,North,Van,2025-01-08,110,Delayed,3
D1507,W9,South,Bike,2024-01-24,137,Delayed,5
D1508,W10,West,Bike,2024-05-21,243,Delayed,2
D1509,W9,West,Bike,2024-07-11,280,On Time,5
D1510,W7,East,Bike,2024-12-18,35,Delayed,4
D1511,W5,North,Bike,2024-06-16,150,Delayed,2
D1512,W2,North,Bike,2024-03-20,255,On Time,3
D1513,W3,West,Bike,2024-07-05,219,On Time,5
D1514,W9,South,Van,2024-01-23,103,On Time,5
D1515,W4,West,Bike,2024-02-02,215,On Time,3
D1516,W6,East,Van,2024-06-02,57,Delayed,2
D1517,W5,North,Truck,2024-02-14,274,On Time,2
D1518,W5,South,Bike,2024-12-11,118,Delayed,5
D1519,W9,East,Bike,2024-03-16,299,On Time,4
D1520,W4,West,Van,2024-05-26,291,Delayed,2
D1521,W1,East,Van,2024-08-02,139,On Time,4
D1522,W1,West,Van,2024-09-26,86,On Time,1
D1523,W2,South,Van,2024-04-08,128,On Time,5
D1524,W10,North,Bike,2024-08-21,221,Delayed,5
D1525,W1,South,Van,2024-09-19,29,On Time,5
D1526,W5,North,Bike,2024-04-14,203,On Time,3
D1527,W6,East,Truck,2024-08-23,37,On Time,4
D1528,W3,East,Bike,2024-03-25,90,Delayed,5
D1529,W1,North,Van,2024-06-30,224,Delayed,5
D1530,W9,South,Bike,2024-06-12,23,Delayed,4
D1531,W3,East,Truck,2024-12-19,164,On Time,4
D1532,W5,North,Van,2024-02-27,188,On Time,4
D1533,W10,North,Truck,2024-07-28,142,On Time,3
D1534,W6,South,Bike,2024-05-27,256,On Time,2
D1535,W6,East,Truck,2024-05-01,65,On Time,1
D1536,W1,East,Truck,2024-08-14,245,On Time,4
D1537,W7,East,Truck,2024-07-11,273,On Time,1
D1538,W7,East,Bike,2024-11-14,82,Delayed,1
D1539,W6,East,Bike,2024-09-28,219,Delayed,3
D1540,W7,North,Van,2024-06-08,262,On Time,2
D1541,W2,South,Van,2024-02-18,203,On Time,1
D1542,W8,North,Truck,2024-09-26,109,On Time,3
D1543,W7,North,Truck,2024-06-12,264,Delayed,2
D1544,W2,East,Van,2024-02-04,146,Delayed,5
D1545,W3,West,Bike,2025-01-12,165,On Time,2
D1546,W5,South,Van,2024-01-18,293,On Time,3
D1547,W5,West,Van,2024-03-09,106,On Time,3
D1548,W8,North,Van,2024-07-19,120,Delayed,2
D1549,W2,West,Bike,2024-03-13,202,On Time,2
D1550,W3,South,Truck,2024-11-29,281,On Time,4
D1551,W3,South,Bike,2024-08-22,202,On Time,5
D1552,W5,North,Truck,2024-07-13,154,On Time,2
D1553,W10,West,Van,2024-11-22,204,On Time,2
D1554,W10,East,Bike,2024-03-13,200,On Time,1
D1555,W6,East,Truck,2024-11-12,140,On Time,1
D1556,W6,West,Bike,2024-11-14,77,Delayed,3
D1557,W2,South,Truck,2025-01-15,291,Delayed,5
D1558,W5,East,Bike,2024-03-05,111,Delayed,1
D1559,W5,West,Van,2024-10-23,297,Delayed,1
D1560,W7,South,Van,2024-02-02,55,Delayed,5
D1561,W6,North,Truck,2024-04-16,169,On Time,4
D1562,W5,South,Bike,2024-07-05,155,On Time,1
D1563,W5,South,Truck,2024-05-09,137,On Time,2
D1564,W6,North,Van,2024-05-02,101,On Time,1
D1565,W7,East,Van,2024-01-22,200,On Time,5
D1566,W2,South,Van,2024-08-12,152,Delayed,4
D1567,W7,East,Bike,2024-02-19,263,Delayed,5
D1568,W1,South,Van,2024-10-07,39,Delayed,1
D1569,W7,East,Bike,2024-05-05,162,On Time,2
D1570,W7,East,Van,2024-12-02,254,Delayed,1
D1571,W2,South,Bike,2024-06-08,115,Delayed,3
D1572,W6,North,Van,2024-12-02,233,Delayed,1
D1573,W10,West,Truck,2025-01-15,72,On Time,1
D1574,W3,South,Truck,2024-03-10,26,Delayed,3
D1575,W3,East,Truck,2024-12-12,111,Delayed,1
D1576,W6,South,Bike,2024-04-13,33,On Time,4
D1577,W9,South,Bike,2024-09-29,125,Delayed,3
D1578,W6,East,Van,2024-11-16,34,Delayed,3
D1579,W5,West,Truck,2024-07-10,238,On Time,5
D1580,W2,South,Van,2024-01-25,99,On Time,3
D1581,W6,East,Truck,2025-01-10,295,Delayed,2
D1582,W7,East,Truck,2024-09-10,236,Delayed,5
D1583,W4,East,Van,2024-04-08,211,Delayed,3
D1584,W9,South,Bike,2024-10-02,26,Delayed,3
D1585,W5,North,Truck,2024-09-28,91,On Time,3
D1586,W2,East,Van,2024-08-19,161,On Time,5
D1587,W1,East,Truck,2024-11-02,163,Delayed,5
D1588,W6,North,Truck,2024-10-04,55,Delayed,3
D1589,W9,South,Bike,2024-11-02,251,On Time,1
D1590,W3,West,Bike,2025-01-15,87,Delayed,4
D1591,W10,East,Bike,2024-11-08,209,On Time,1
D1592,W6,East,Truck,2025-01-12,222,Delayed,5
D1593,W2,West,Bike,2025-01-14,140,Delayed,5
D1594,W3,East,Van,2024-10-04,167,On Time,5
D1595,W6,South,Truck,2024-04-12,157,On Time,3
D1596,W4,South,Van,2024-12-09,284,On Time,2
D1597,W1,South,Bike,2024-06-18,87,On Time,3
D1598,W10,North,Truck,2024-04-18,213,On Time,2
D1599,W8,North,Van,2024-04-14,125,Delayed,4
D1600,W9,West,Truck,2024-09-13,286,On Time,3
D1601,W3,North,Bike,2024-08-15,80,Delayed,3
D1602,W9,East,Bike,2024-04-06,135,On Time,1
D1603,W1,West,Bike,2024-06-03,116,On Time,2
D1604,W6,North,Truck,2024-05-02,68,On Time,2
D1605,W5,South,Van,2024-02-11,43,On Time,3
D1606,W2,East,Truck,2024-06-17,56,On Time,2
D1607,W7,West,Truck,2024-06-26,81,Delayed,2
D1608,W8,North,Van,2024-04-24,135,On Time,4
D1609,W1,East,Truck,2024-03-11,155,On Time,1
D1610,W8,East,Bike,2024-11-25,106,On Time,5
D1611,W5,East,Truck,2024-10-24,62,On Time,1
D1612,W2,East,Truck,2024-08-15,285,On Time,3
D1613,W4,South,Bike,2024-01-26,293,On Time,2
D1614,W8,East,Van,2024-02-12,43,Delayed,1
D1615,W5,South,Bike,2025-01-15,178,On Time,4
D1616,W1,North,Truck,2024-09-18,28,Delayed,5
D1617,W1,East,Van,2024-03-31,55,Delayed,5
D1618,W9,West,Van,2024-08-26,52,Delayed,5
D1619,W9,South,Van,2024-04-21,251,Delayed,5
D1620,W5,North,Van,2024-07-27,41,On Time,3
D1621,W8,South,Van,2024-10-09,158,Delayed,5
D1622,W10,South,Van,2024-10-30,107,On Time,1
D1623,W3,East,Van,2024-04-12,267,Delayed,4
D1624,W10,East,Van,2024-10-07,266,Delayed,5
D1625,W2,North,Van,2024-01-29,217,On Time,2
D1626,W5,East,Truck,2024-06-04,126,Delayed,2
D1627,W1,North,Truck,2024-09-05,178,Delayed,2
D1628,W2,West,Truck,2024-02-03,41,Delayed,1
D1629,W3,East,Truck,2024-07-04,36,Delayed,5
D1630,W3,East,Van,2025-01-11,31,On Time,2
D1631,W7,North,Van,2024-09-10,261,Delayed,3
D1632,W1,East,Van,2024-05-27,51,On Time,4
D1633,W7,West,Truck,2024-07-20,137,On Time,4
D1634,W9,West,Truck,2024-05-28,226,Delayed,1
D1635,W8,West,Bike,2024-08-25,195,On Time,2
D1636,W7,West,Truck,2024-12-28,140,Delayed,3
D1637,W7,West,Bike,2024-02-15,129,On Time,1
D1638,W3,North,Van,2024-01-22,243,Delayed,4
D1639,W10,West,Truck,2024-07-31,222,On Time,1
D1640,W2,North,Truck,2024-03-29,124,Delayed,2
D1641,W6,South,Van,2024-11-18,94,On Time,2
D1642,W5,South,Truck,2024-02-03,190,Delayed,1
D1643,W5,East,Van,2024-01-20,241,On Time,4
D1644,W4,West,Bike,2024-12-22,257,On Time,3
D1645,W6,South,Van,2024-11-22,117,On Time,2
D1646,W4,South,Truck,2024-06-26,227,Delayed,5
D1647,W4,East,Truck,2024-10-01,134,Delayed,1
D1648,W7,South,Truck,2024-12-31,90,On Time,2
D1649,W4,West,Bike,2024-05-21,293,On Time,2
D1650,W8,East,Van,2024-07-22,54,Delayed,1
D1651,W10,East,Bike,2024-08-10,144,Delayed,2
D1652,W1,West,Bike,2024-01-23,153,On Time,1
D1653,W5,South,Bike,2024-08-10,108,On Time,5
D1654,W1,South,Bike,2024-09-05,179,Delayed,4
D1655,W7,West,Van,2024-10-11,193,On Time,3
D1656,W9,East,Van,2024-11-03,79,On Time,1
D1657,W2,West,Truck,2024-12-06,170,Delayed,2
D1658,W3,West,Bike,2025-01-04,220,On Time,2
D1659,W5,East,Truck,2024-07-12,210,Delayed,2
D1660,W5,North,Truck,2024-06-21,278,On Time,1
D1661,W6,East,Bike,2024-04-21,75,On Time,4
D1662,W5,East,Van,2024-05-27,137,Delayed,4
D1663,W6,South,Bike,2024-06-10,159,Delayed,5
D1664,W1,South,Truck,2024-08-18,233,Delayed,3
D1665,W6,South,Bike,2024-02-26,165,On Time,5
D1666,W1,West,Bike,2024-03-15,94,Delayed,5
D1667,W8,West,Truck,2025-01-07,252,On Time,4
D1668,W10,North,Van,2024-05-07,99,Delayed,2
D1669,W1,West,Bike,2024-12-05,239,On Time,2
D1670,W9,West,Truck,2024-03-02,264,Delayed,1
D1671,W2,South,Truck,2024-04-07,204,On Time,1
D1672,W2,East,Van,2024-03-04,126,On Time,4
D1673,W6,West,Van,2024-12-05,192,On Time,5
D1674,W3,West,Van,2025-01-12,174,On Time,1
D1675,W1,South,Van,2024-08-04,262,On Time,3
D1676,W3,West,Van,2024-10-26,261,Delayed,3
D1677,W3,West,Bike,2024-10-31,26,Delayed,1
D1678,W9,East,Bike,2024-07-02,167,Delayed,4
D1679,W3,East,Truck,2024-03-24,290,Delayed,1
D1680,W8,North,Van,2024-08-20,133,On Time,5
D1681,W5,North,Bike,2024-09-02,195,Delayed,1
D1682,W10,North,Truck,2024-10-06,22,On Time,4
D1683,W9,East,Van,2024-10-14,279,Delayed,5
D1684,W3,South,Van,2024-08-24,296,On Time,5
D1685,W4,North,Truck,2024-09-12,286,On Time,4
D1686,W8,East,Truck,2024-12-15,290,On Time,4
D1687,W10,North,Van,2024-12-09,34,On Time,5
D1688,W5,West,Bike,2024-11-15,106,Delayed,3
D1689,W10,North,Van,2024-09-13,220,Delayed,5
D1690,W10,West,Truck,2024-11-13,59,Delayed,2
D1691,W3,East,Truck,2024-09-16,27,On Time,3
D1692,W10,North,Van,2024-03-30,265,On Time,1
D1693,W5,North,Truck,2025-01-07,118,On Time,1
D1694,W3,East,Truck,2025-01-06,270,On Time,4
D1695,W5,South,Van,2024-07-29,156,Delayed,5
D1696,W6,East,Bike,2024-12-13,186,On Time,4
D1697,W8,East,Truck,2024-12-16,210,Delayed,3
D1698,W8,West,Van,2024-02-03,152,On Time,2
D1699,W1,West,Van,2024-06-07,240,Delayed,2
D1700,W9,East,Truck,2024-02-21,58,On Time,1
D1701,W8,South,Van,2024-03-31,184,On Time,1
D1702,W6,East,Van,2024-12-02,34,Delayed,3
D1703,W9,North,Truck,2024-12-26,152,On Time,5
D1704,W6,East,Bike,2024-09-02,222,On Time,2
D1705,W6,East,Van,2024-02-16,141,On Time,2
D1706,W7,East,Van,2024-04-06,215,Delayed,4
D1707,W9,North,Van,2024-06-10,286,On Time,1
D1708,W5,West,Bike,2024-02-05,113,Delayed,4
D1709,W8,North,Truck,2024-10-12,35,Delayed,5
D1710,W8,West,Van,2024-02-02,148,Delayed,5
D1711,W2,South,Truck,2025-01-17,29,On Time,2
D1712,W2,West,Van,2024-11-24,73,On Time,1
D1713,W7,North,Truck,2024-07-30,125,Delayed,2
D1714,W10,East,Van,2024-03-30,201,On Time,2
D1715,W8,West,Van,2024-05-31,198,Delayed,5
D1716,W10,North,Truck,2024-03-22,265,Delayed,1
D1717,W9,West,Truck,2025-01-17,229,On Time,2
D1718,W4,North,Van,2025-01-17,110,On Time,5
D1719,W2,North,Bike,2024-10-06,52,On Time,2
D1720,W2,South,Bike,2025-01-07,209,On Time,4
D1721,W9,South,Truck,2024-10-02,250,On Time,4
D1722,W8,West,Bike,2024-12-13,83,On Time,2
D1723,W8,South,Bike,2024-09-03,132,Delayed,3
D1724,W6,North,Truck,2024-05-13,29,On Time,5
D1725,W7,East,Truck,2024-08-03,150,Delayed,2
D1726,W9,West,Bike,2024-02-03,177,Delayed,2
D1727,W2,East,Truck,2024-05-29,89,On Time,5
D1728,W10,North,Van,2024-07-27,253,On Time,1
D1729,W1,South,Bike,2024-08-01,141,Delayed,2
D1730,W8,East,Truck,2024-11-06,35,Delayed,1
D1731,W9,East,Bike,2024-04-03,91,Delayed,3
D1732,W7,East,Truck,2024-09-28,89,Delayed,5
D1733,W4,North,Bike,2024-06-29,20,Delayed,3
D1734,W7,North,Truck,2024-08-09,164,On Time,3
D1735,W8,North,Van,2024-09-25,28,On Time,2
D1736,W7,South,Bike,2024-02-22,240,Delayed,5
D1737,W3,West,Van,2024-05-16,158,Delayed,5
D1738,W1,North,Truck,2024-10-18,296,Delayed,4
D1739,W9,North,Bike,2024-11-13,216,Delayed,5
D1740,W3,East,Bike,2024-01-29,50,Delayed,4
D1741,W5,East,Truck,2024-12-01,281,On Time,1
D1742,W9,West,Van,2024-08-17,286,Delayed,2
D1743,W8,East,Van,2024-10-11,142,Delayed,1
D1744,W4,West,Truck,2024-10-09,169,Delayed,4
D1745,W6,North,Bike,2024-06-24,261,Delayed,4
D1746,W5,North,Truck,2024-09-15,135,Delayed,2
D1747,W10,West,Truck,2024-08-23,182,Delayed,5
D1748,W3,North,Truck,2025-01-02,73,On Time,2
D1749,W3,East,Van,2024-11-20,148,On Time,4
D1750,W9,East,Truck,2024-08-06,289,On Time,1
D1751,W6,North,Van,2024-09-19,249,On Time,5
D1752,W7,North,Van,2024-05-23,51,Delayed,1
D1753,W2,East,Bike,2025-01-01,184,On Time,3
D1754,W2,South,Bike,2024-03-02,184,Delayed,4
D1755,W10,West,Bike,2024-03-02,137,Delayed,4
D1756,W8,North,Bike,2024-08-09,266,On Time,1
D1757,W9,South,Truck,2024-11-18,63,Delayed,5
D1758,W4,North,Bike,2024-05-23,249,Delayed,1
D1759,W2,West,Truck,2024-12-18,263,Delayed,3
D1760,W10,East,Van,2024-08-28,104,On Time,5
D1761,W7,South,Van,2024-12-25,239,Delayed,2
D1762,W5,South,Bike,2024-04-02,129,Delayed,1
D1763,W10,East,Van,2024-11-05,116,On Time,2
D1764,W8,South,Bike,2024-02-14,135,On Time,3
D1765,W5,North,Truck,2024-03-20,161,On Time,2
D1766,W5,North,Truck,2024-09-08,191,Delayed,5
D1767,W4,North,Truck,2024-08-10,84,On Time,3
D1768,W7,East,Bike,2024-07-26,116,Delayed,2
D1769,W1,West,Truck,2024-11-23,245,Delayed,2
D1770,W9,East,Bike,2024-01-31,246,Delayed,4
D1771,W10,South,Truck,2024-09-15,163,On Time,2
D1772,W4,South,Van,2024-06-02,24,On Time,3
D1773,W5,South,Van,2024-12-08,216,Delayed,4
D1774,W10,West,Truck,2024-11-02,80,On Time,3
D1775,W7,North,Truck,2024-06-14,48,On Time,3
D1776,W1,North,Van,2024-02-10,206,Delayed,3
D1777,W4,West,Van,2024-12-19,276,On Time,1
D1778,W7,East,Bike,2024-06-18,80,Delayed,5
D1779,W3,North,Van,2024-03-25,21,On Time,1
D1780,W4,South,Bike,2024-10-29,41,On Time,1
D1781,W2,South,Van,2024-12-04,137,Delayed,3
D1782,W3,East,Bike,2024-12-05,85,On Time,1
D1783,W7,North,Van,2024-10-17,211,On Time,2
D1784,W5,South,Truck,2024-05-17,130,Delayed,3
D1785,W4,North,Truck,2025-01-11,243,Delayed,3
D1786,W6,North,Truck,2024-05-19,224,On Time,3
D1787,W6,North,Bike,2024-04-06,101,On Time,1
D1788,W9,North,Van,2025-01-12,122,On Time,1
D1789,W2,West,Van,2024-08-21,272,Delayed,5
D1790,W6,North,Bike,2024-12-16,107,Delayed,2
D1791,W7,South,Truck,2024-02-29,124,On Time,3
D1792,W7,South,Van,2024-08-03,246,Delayed,3
D1793,W9,East,Van,2024-09-02,130,Delayed,5
D1794,W5,North,Truck,2024-05-17,70,Delayed,4
D1795,W7,West,Truck,2024-08-05,213,Delayed,4
D1796,W8,East,Truck,2024-12-04,236,Delayed,4
D1797,W4,East,Truck,2024-12-21,62,On Time,4
D1798,W9,West,Truck,2024-02-18,265,On Time,1
D1799,W10,West,Truck,2024-11-20,161,Delayed,3
D1800,W1,East,Van,2024-05-30,262,On Time,1
D1801,W4,North,Truck,2024-12-05,134,Delayed,1
D1802,W2,West,Bike,2024-07-06,139,Delayed,3
D1803,W8,West,Bike,2024-04-30,218,Delayed,1
D1804,W3,East,Van,2024-05-02,274,On Time,1
D1805,W9,South,Van,2024-04-24,141,Delayed,1
D1806,W2,East,Van,2025-01-08,229,On Time,3
D1807,W4,West,Van,2024-12-05,159,Delayed,4
D1808,W8,North,Bike,2024-08-18,178,On Time,3
D1809,W7,North,Truck,2024-03-07,201,Delayed,3
D1810,W2,South,Truck,2024-05-04,128,Delayed,1
D1811,W9,West,Van,2024-05-13,163,On Time,3
D1812,W9,East,Truck,2025-01-17,279,Delayed,3
D1813,W10,North,Bike,2024-12-08,108,Delayed,2
D1814,W2,South,Van,2024-08-18,152,On Time,5
D1815,W3,North,Bike,2024-09-12,102,On Time,1
D1816,W9,North,Bike,2024-01-27,192,Delayed,1
D1817,W1,North,Van,2025-01-02,67,On Time,3
D1818,W5,South,Truck,2024-04-20,272,On Time,4
D1819,W9,East,Bike,2024-08-10,290,On Time,2
D1820,W10,South,Truck,2024-07-20,62,On Time,5
D1821,W4,South,Bike,2024-09-22,108,On Time,4
D1822,W1,North,Van,2024-11-20,121,Delayed,5
D1823,W5,North,Truck,2024-05-17,97,On Time,5
D1824,W9,South,Van,2024-03-28,272,On Time,3
D1825,W8,North,Truck,2024-12-13,52,Delayed,4
D1826,W3,West,Truck,2024-03-01,284,Delayed,1
D1827,W2,East,Truck,2024-09-04,143,Delayed,5
D1828,W9,West,Van,2024-01-27,240,Delayed,5
D1829,W5,North,Van,2024-04-03,130,Delayed,4
D1830,W8,North,Van,2024-06-20,137,On Time,2
D1831,W2,East,Van,2024-06-12,232,Delayed,1
D1832,W2,South,Bike,2024-12-20,149,Delayed,3
D1833,W7,North,Bike,2024-08-03,172,On Time,2
D1834,W6,East,Van,2024-12-01,188,Delayed,4
D1835,W3,West,Truck,2024-05-06,152,Delayed,3
D1836,W4,East,Bike,2024-05-14,134,Delayed,2
D1837,W1,West,Van,2024-04-14,204,Delayed,4
D1838,W10,West,Truck,2024-09-02,205,Delayed,2
D1839,W3,North,Truck,2025-01-11,126,On Time,1
D1840,W7,North,Van,2024-01-21,70,Delayed,1
D1841,W7,South,Truck,2024-05-13,244,Delayed,3
D1842,W9,East,Truck,2024-05-27,179,Delayed,5
D1843,W10,East,Van,2024-09-04,250,Delayed,1
D1844,W3,North,Bike,2024-04-17,167,On Time,2
D1845,W1,South,Van,2024-08-10,65,On Time,2
D1846,W2,East,Truck,2025-01-14,185,On Time,5
D1847,W3,South,Van,2024-07-15,169,On Time,3
D1848,W3,North,Truck,2024-11-05,248,On Time,2
D1849,W6,West,Truck,2024-08-12,151,Delayed,2
D1850,W7,East,Van,2024-08-05,174,Delayed,1
D1851,W2,North,Truck,2024-08-03,160,On Time,2
D1852,W7,South,Bike,2024-10-18,118,Delayed,4
D1853,W5,West,Truck,2024-03-20,295,Delayed,5
D1854,W7,West,Van,2024-07-06,80,On Time,3
D1855,W6,West,Truck,2024-02-14,295,On Time,4
D1856,W2,South,Van,2024-10-28,94,On Time,2
D1857,W3,South,Van,2024-12-16,99,On Time,2
D1858,W8,West,Bike,2024-02-23,37,On Time,5
D1859,W6,South,Bike,2024-06-26,77,On Time,4
D1860,W3,South,Van,2024-01-28,142,Delayed,4
D1861,W4,East,Van,2024-08-12,75,On Time,4
D1862,W2,North,Bike,2024-08-26,227,Delayed,2
D1863,W3,North,Bike,2024-06-29,67,Delayed,2
D1864,W1,North,Truck,2024-12-06,170,Delayed,2
D1865,W6,East,Bike,2024-04-25,197,Delayed,4
D1866,W9,West,Bike,2024-08-16,115,On Time,3
D1867,W3,North,Van,2024-04-12,237,On Time,3
D1868,W1,North,Bike,2024-08-19,214,On Time,2
D1869,W2,South,Truck,2024-10-29,223,On Time,3
D1870,W1,East,Truck,2024-12-18,75,Delayed,3
D1871,W8,North,Truck,2024-09-20,61,On Time,3
D1872,W7,North,Van,2024-10-10,111,On Time,1
D1873,W5,East,Van,2024-05-26,109,Delayed,2
D1874,W7,South,Bike,2024-07-20,84,On Time,3
D1875,W5,East,Bike,2024-06-05,135,On Time,3
D1876,W5,South,Van,2024-10-23,100,On Time,2
D1877,W3,West,Truck,2024-11-27,261,Delayed,4
D1878,W8,South,Bike,2024-03-19,158,On Time,5
D1879,W5,East,Bike,2024-02-24,238,Delayed,2
D1880,W3,East,Truck,2024-03-19,91,On Time,2
D1881,W9,North,Van,2024-03-31,35,Delayed,3
D1882,W2,East,Bike,2024-08-16,86,Delayed,5
D1883,W2,North,Truck,2024-04-27,223,Delayed,1
D1884,W2,West,Van,2024-01-30,170,Delayed,1
D1885,W9,East,Van,2024-05-06,93,On Time,1
D1886,W9,West,Bike,2024-04-24,147,Delayed,4
D1887,W4,East,Bike,2024-02-03,270,Delayed,2
D1888,W9,South,Truck,2024-03-04,239,Delayed,1
D1889,W1,East,Truck,2024-11-16,172,On Time,3
D1890,W1,South,Bike,2024-06-17,280,Delayed,3
D1891,W6,West,Van,2024-05-25,265,Delayed,4
D1892,W7,West,Bike,2024-07-24,120,Delayed,3
D1893,W3,North,Van,2024-03-10,130,Delayed,1
D1894,W1,South,Van,2024-10-29,185,On Time,5
D1895,W8,South,Van,2024-02-18,26,On Time,3
D1896,W1,South,Van,2024-12-27,201,Delayed,1
D1897,W7,South,Bike,2024-10-25,239,On Time,3
D1898,W8,West,Truck,2024-06-14,181,Delayed,4
D1899,W5,East,Truck,2024-08-21,200,Delayed,2
D1900,W10,South,Van,2024-06-29,87,On Time,4
D1901,W1,South,Van,2024-02-21,248,Delayed,4
D1902,W4,South,Truck,2024-12-02,55,On Time,3
D1903,W1,West,Van,2025-01-03,142,On Time,2
D1904,W4,South,Bike,2024-05-03,143,On Time,1
D1905,W3,West,Truck,2024-05-05,130,Delayed,2
D1906,W4,South,Van,2024-12-28,80,Delayed,1
D1907,W8,South,Truck,2024-01-27,235,Delayed,1
D1908,W8,West,Truck,2024-06-01,128,Delayed,5
D1909,W7,West,Bike,2024-08-20,44,Delayed,4
D1910,W3,East,Truck,2024-10-19,274,On Time,3
D1911,W9,West,Van,2024-12-11,33,On Time,2
D1912,W6,South,Van,2024-06-22,274,Delayed,5
D1913,W3,South,Bike,2025-01-03,277,Delayed,4
D1914,W1,East,Truck,2024-10-19,29,On Time,3
D1915,W6,North,Bike,2024-09-25,61,On Time,3
D1916,W2,North,Truck,2024-10-26,62,Delayed,2
D1917,W10,West,Truck,2024-12-02,92,Delayed,5
D1918,W10,East,Van,2024-10-09,128,On Time,1
D1919,W3,East,Truck,2024-10-21,157,On Time,1
D1920,W7,West,Van,2024-08-10,90,On Time,1
D1921,W3,East,Bike,2024-11-21,35,Delayed,2
D1922,W4,North,Van,2024-06-28,46,On Time,4
D1923,W2,South,Van,2024-04-12,214,On Time,3
D1924,W4,North,Bike,2024-04-01,284,On Time,5
D1925,W6,South,Truck,2025-01-17,246,On Time,2
D1926,W5,West,Van,2024-06-17,229,On Time,4
D1927,W5,North,Bike,2024-07-04,139,Delayed,1
D1928,W8,South,Bike,2024-06-21,293,Delayed,1
D1929,W7,East,Van,2024-07-12,175,On Time,5
D1930,W1,South,Van,2024-04-02,167,Delayed,2
D1931,W7,South,Bike,2024-11-20,218,Delayed,5
D1932,W1,South,Bike,2024-06-02,286,On Time,3
D1933,W1,West,Truck,2025-01-06,294,Delayed,3
D1934,W3,West,Van,2024-08-01,288,On Time,1
D1935,W5,North,Bike,2024-10-03,217,Delayed,3
D1936,W4,North,Bike,2024-09-20,89,On Time,4
D1937,W7,South,Van,2024-12-27,129,On Time,2
D1938,W10,West,Van,2024-07-18,259,Delayed,4
D1939,W1,East,Van,2025-01-02,99,On Time,4
D1940,W8,North,Truck,2024-12-23,239,On Time,2
D1941,W9,East,Bike,2024-12-05,71,Delayed,3
D1942,W5,South,Truck,2025-01-17,79,On Time,5
D1943,W9,East,Truck,2024-09-27,27,Delayed,2
D1944,W1,West,Van,2024-09-19,231,On Time,1
D1945,W7,East,Truck,2025-01-11,235,Delayed,3
D1946,W6,East,Van,2024-09-05,162,On Time,4
D1947,W9,North,Bike,2024-07-14,107,Delayed,4
D1948,W8,East,Van,2024-10-14,112,On Time,3
D1949,W3,South,Bike,2024-04-11,233,On Time,4
D1950,W9,North,Van,2024-12-17,209,Delayed,4
D1951,W9,South,Van,2024-07-14,40,On Time,4
D1952,W5,East,Truck,2024-01-30,255,On Time,1
D1953,W5,East,Van,2024-08-25,239,Delayed,4
D1954,W1,East,Truck,2024-02-29,230,On Time,4
D1955,W1,North,Van,2024-06-28,47,Delayed,1
D1956,W10,South,Bike,2024-03-10,209,On Time,1
D1957,W4,North,Van,2024-11-05,276,Delayed,4
D1958,W1,South,Truck,2024-09-10,281,Delayed,3
D1959,W4,North,Bike,2024-03-21,163,Delayed,1
D1960,W4,West,Truck,2024-09-23,20,On Time,4
D1961,W10,North,Van,2024-10-17,166,On Time,2
D1962,W6,West,Truck,2024-03-20,206,Delayed,3
D1963,W3,North,Bike,2024-09-09,44,On Time,4
D1964,W1,East,Van,2024-02-20,136,Delayed,3
D1965,W8,West,Van,2024-04-09,37,On Time,4
D1966,W5,South,Truck,2024-08-19,23,On Time,1
D1967,W2,West,Bike,2024-05-07,97,On Time,3
D1968,W3,North,Truck,2024-06-23,181,On Time,2
D1969,W5,North,Van,2024-01-29,183,On Time,1
D1970,W9,West,Truck,2024-03-26,28,On Time,4
D1971,W7,East,Bike,2024-05-21,165,Delayed,5
D1972,W8,North,Bike,2024-08-13,37,On Time,2
D1973,W3,West,Truck,2024-09-11,111,Delayed,1
D1974,W7,East,Van,2024-10-25,145,On Time,3
D1975,W10,West,Bike,2024-09-06,254,On Time,4
D1976,W5,East,Bike,2024-08-24,46,Delayed,4
D1977,W7,West,Truck,2024-06-04,35,Delayed,5
D1978,W6,West,Bike,2024-04-09,20,Delayed,4
D1979,W10,East,Truck,2024-12-23,240,On Time,1
D1980,W9,West,Van,2024-08-11,120,On Time,2
D1981,W6,North,Bike,2024-05-24,298,Delayed,1
D1982,W10,North,Van,2024-04-09,181,On Time,3
D1983,W2,West,Bike,2024-08-08,87,On Time,2
D1984,W5,East,Van,2024-12-20,251,On Time,3
D1985,W3,North,Van,2024-11-16,99,Delayed,3
D1986,W8,North,Van,2024-12-29,275,On Time,2
D1987,W3,West,Bike,2024-08-31,203,On Time,2
D1988,W5,North,Bike,2024-02-14,66,Delayed,3
D1989,W4,East,Truck,2024-01-30,195,Delayed,1
D1990,W10,North,Truck,2024-10-25,224,On Time,3
D1991,W7,North,Bike,2024-09-23,122,Delayed,4
D1992,W3,North,Bike,2024-05-27,229,On Time,1
D1993,W10,East,Truck,2024-06-01,282,Delayed,1
D1994,W5,North,Bike,2025-01-05,36,On Time,1
D1995,W6,West,Truck,2024-03-21,131,On Time,5
D1996,W2,East,Bike,2024-04-09,281,Delayed,1
D1997,W3,East,Bike,2024-11-17,192,Delayed,2
D1998,W1,East,Van,2024-07-25,282,Delayed,4
D1999,W7,South,Truck,2024-05-03,25,On Time,1
D2000,W2,North,Van,2024-10-04,229,Delayed,2
